timestamp,protocolo,ip_origem,ip_destino,proto_num,tamanho_bytes
"2025-11-24 18:08:27.177",IPv4,192.168.253.11,168.181.126.108,17,"-",76
"2025-11-24 18:08:27.232",IPv4,168.181.126.108,192.168.253.11,17,"-",76
"2025-11-24 18:08:33.156",IPv4,192.168.253.11,4.228.31.149,6,"-",60
"2025-11-24 18:08:33.193",IPv4,4.228.31.149,192.168.253.11,6,"-",60
"2025-11-24 18:08:33.242",IPv4,192.168.253.11,4.228.31.149,6,"-",52
"2025-11-24 18:08:33.271",IPv4,192.168.253.11,4.228.31.149,6,"-",1722
"2025-11-24 18:08:33.297",IPv4,192.168.253.11,4.228.31.149,6,"-",298
"2025-11-24 18:08:33.327",IPv4,4.228.31.149,192.168.253.11,6,"-",52
"2025-11-24 18:08:33.358",IPv4,4.228.31.149,192.168.253.11,6,"-",2900
"2025-11-24 18:08:33.392",IPv4,4.228.31.149,192.168.253.11,6,"-",684
"2025-11-24 18:08:33.427",IPv4,192.168.253.11,4.228.31.149,6,"-",52
"2025-11-24 18:08:33.465",IPv4,192.168.253.11,4.228.31.149,6,"-",52
"2025-11-24 18:08:33.500",IPv4,192.168.253.11,4.228.31.149,6,"-",1151
"2025-11-24 18:08:33.528",IPv4,4.228.31.149,192.168.253.11,6,"-",64
"2025-11-24 18:08:33.559",IPv4,4.228.31.149,192.168.253.11,6,"-",52
"2025-11-24 18:08:33.587",IPv4,4.228.31.149,192.168.253.11,6,"-",210
"2025-11-24 18:08:33.621",IPv4,192.168.253.11,4.228.31.149,6,"-",52
"2025-11-24 18:08:33.660",IPv4,4.228.31.149,192.168.253.11,6,"-",1519
"2025-11-24 18:08:33.701",IPv4,4.228.31.149,192.168.253.11,6,"-",76
"2025-11-24 18:08:33.738",IPv4,4.228.31.149,192.168.253.11,6,"-",52
"2025-11-24 18:08:33.777",IPv4,192.168.253.11,4.228.31.149,6,"-",52
"2025-11-24 18:08:33.807",IPv4,192.168.253.11,4.228.31.149,6,"-",52
"2025-11-24 18:08:33.838",IPv4,192.168.253.11,4.228.31.149,6,"-",76
"2025-11-24 18:08:33.878",IPv4,192.168.253.11,4.228.31.149,6,"-",52
"2025-11-24 18:08:33.940",IPv4,4.228.31.149,192.168.253.11,6,"-",40
"2025-11-24 18:08:34.066",IPv4,4.228.31.149,192.168.253.11,6,"-",40
"2025-11-24 18:08:35.202",IPv6,fe80:0:0:0:802b:566d:cd1c:e958,ff02:0:0:0:0:0:0:16,0,"-",76
"2025-11-24 18:08:35.212",IPv4,192.168.240.1,224.0.0.22,2,"-",40
"2025-11-24 18:08:35.238",IPv6,fe80:0:0:0:802b:566d:cd1c:e958,ff02:0:0:0:0:0:0:16,0,"-",76
"2025-11-24 18:08:35.270",IPv4,192.168.240.1,224.0.0.22,2,"-",40
"2025-11-24 18:08:35.427",IPv4,192.168.240.1,239.255.255.250,17,"-",165
"2025-11-24 18:08:35.457",IPv4,192.168.240.1,239.255.255.250,17,"-",165
"2025-11-24 18:08:35.677",IPv4,192.168.240.1,224.0.0.22,2,"-",40
"2025-11-24 18:08:35.688",IPv6,fe80:0:0:0:802b:566d:cd1c:e958,ff02:0:0:0:0:0:0:16,0,"-",76
"2025-11-24 18:08:38.460",IPv4,192.168.240.1,239.255.255.250,17,"-",165
"2025-11-24 18:08:38.491",IPv4,192.168.240.1,239.255.255.250,17,"-",165
"2025-11-24 18:08:41.727",IPv4,192.168.240.1,224.0.0.251,17,"-",68
"2025-11-24 18:08:41.766",IPv6,fe80:0:0:0:802b:566d:cd1c:e958,ff02:0:0:0:0:0:0:fb,17,"-",88
"2025-11-24 18:08:41.821",IPv4,192.168.240.1,224.0.0.251,17,"-",68
"2025-11-24 18:08:41.848",IPv6,fe80:0:0:0:802b:566d:cd1c:e958,ff02:0:0:0:0:0:0:fb,17,"-",88
"2025-11-24 18:08:42.731",IPv4,192.168.240.1,224.0.0.251,17,"-",68
"2025-11-24 18:08:42.754",IPv6,fe80:0:0:0:802b:566d:cd1c:e958,ff02:0:0:0:0:0:0:fb,17,"-",88
"2025-11-24 18:08:42.799",IPv4,192.168.240.1,224.0.0.251,17,"-",68
"2025-11-24 18:08:42.843",IPv6,fe80:0:0:0:802b:566d:cd1c:e958,ff02:0:0:0:0:0:0:fb,17,"-",88
"2025-11-24 18:08:44.747",IPv4,192.168.240.1,224.0.0.251,17,"-",68
"2025-11-24 18:08:44.765",IPv6,fe80:0:0:0:802b:566d:cd1c:e958,ff02:0:0:0:0:0:0:fb,17,"-",88
"2025-11-24 18:08:44.813",IPv4,192.168.240.1,224.0.0.251,17,"-",68
"2025-11-24 18:08:44.864",IPv6,fe80:0:0:0:802b:566d:cd1c:e958,ff02:0:0:0:0:0:0:fb,17,"-",88
"2025-11-24 18:08:53.367",IPv4,192.168.253.11,140.82.112.21,6,"-",52
"2025-11-24 18:08:53.520",IPv4,140.82.112.21,192.168.253.11,6,"-",52
"2025-11-24 18:09:10.612",IPv4,192.168.253.11,8.8.8.8,1,"type=8,code=0",84
"2025-11-24 18:09:10.639",IPv4,8.8.8.8,192.168.253.11,1,"type=0,code=0",84
"2025-11-24 18:09:11.614",IPv4,192.168.253.11,8.8.8.8,1,"type=8,code=0",84
"2025-11-24 18:09:11.634",IPv4,8.8.8.8,192.168.253.11,1,"type=0,code=0",84
"2025-11-24 18:09:12.162",IPv4,192.168.253.11,143.107.229.211,17,"-",76
"2025-11-24 18:09:12.190",IPv4,143.107.229.211,192.168.253.11,17,"-",76
"2025-11-24 18:09:12.616",IPv4,192.168.253.11,8.8.8.8,1,"type=8,code=0",84
"2025-11-24 18:09:12.640",IPv4,8.8.8.8,192.168.253.11,1,"type=0,code=0",84
"2025-11-24 18:09:13.618",IPv4,192.168.253.11,8.8.8.8,1,"type=8,code=0",84
"2025-11-24 18:09:13.639",IPv4,8.8.8.8,192.168.253.11,1,"type=0,code=0",84
"2025-11-24 18:09:14.620",IPv4,192.168.253.11,8.8.8.8,1,"type=8,code=0",84
"2025-11-24 18:09:14.640",IPv4,8.8.8.8,192.168.253.11,1,"type=0,code=0",84
"2025-11-24 18:09:15.161",IPv4,192.168.253.11,143.107.229.210,17,"-",76
"2025-11-24 18:09:15.188",IPv4,143.107.229.210,192.168.253.11,17,"-",76
"2025-11-24 18:09:15.622",IPv4,192.168.253.11,8.8.8.8,1,"type=8,code=0",84
"2025-11-24 18:09:15.644",IPv4,8.8.8.8,192.168.253.11,1,"type=0,code=0",84
"2025-11-24 18:09:17.161",IPv4,192.168.253.11,200.160.0.8,17,"-",76
"2025-11-24 18:09:17.187",IPv4,200.160.0.8,192.168.253.11,17,"-",76
"2025-11-24 18:09:18.161",IPv4,192.168.253.11,216.238.106.159,17,"-",76
"2025-11-24 18:09:18.194",IPv4,216.238.106.159,192.168.253.11,17,"-",76
"2025-11-24 18:09:22.161",IPv4,192.168.253.11,200.160.7.186,17,"-",76
"2025-11-24 18:09:22.188",IPv4,200.160.7.186,192.168.253.11,17,"-",76
"2025-11-24 18:09:26.162",IPv4,192.168.253.11,91.189.91.157,17,"-",76
"2025-11-24 18:09:26.319",IPv4,91.189.91.157,192.168.253.11,17,"-",76
"2025-11-24 18:09:28.162",IPv4,192.168.253.11,200.160.7.197,17,"-",76
"2025-11-24 18:09:28.194",IPv4,200.160.7.197,192.168.253.11,17,"-",76
"2025-11-24 18:09:36.162",IPv4,192.168.253.11,168.181.126.108,17,"-",76
"2025-11-24 18:09:36.198",IPv4,168.181.126.108,192.168.253.11,17,"-",76
"2025-11-24 18:09:40.083",IPv4,192.168.253.11,200.160.7.186,17,"-",76
"2025-11-24 18:09:40.115",IPv4,200.160.7.186,192.168.253.11,17,"-",76
"2025-11-24 18:09:40.171",IPv4,192.168.253.11,192.36.143.130,17,"-",76
"2025-11-24 18:09:40.355",IPv4,192.36.143.130,192.168.253.11,17,"-",76
"2025-11-24 18:09:40.371",IPv4,192.168.253.11,200.192.232.8,17,"-",76
"2025-11-24 18:09:40.422",IPv4,200.192.232.8,192.168.253.11,17,"-",76
"2025-11-24 18:09:40.435",IPv4,192.168.253.11,200.160.7.196,17,"-",76
"2025-11-24 18:09:40.468",IPv4,200.160.7.196,192.168.253.11,17,"-",76
"2025-11-24 18:09:47.996",IPv4,192.168.253.11,192.36.143.130,17,"-",76
"2025-11-24 18:09:48.242",IPv4,192.36.143.130,192.168.253.11,17,"-",76
"2025-11-24 18:09:48.254",IPv4,192.168.253.11,200.192.232.8,17,"-",76
"2025-11-24 18:09:48.286",IPv4,200.192.232.8,192.168.253.11,17,"-",76
"2025-11-24 18:09:48.319",IPv4,192.168.253.11,200.160.7.196,17,"-",76
"2025-11-24 18:09:48.349",IPv4,200.160.7.196,192.168.253.11,17,"-",76
"2025-11-24 18:09:48.380",IPv4,192.168.253.11,200.160.7.186,17,"-",76
"2025-11-24 18:09:48.408",IPv4,200.160.7.186,192.168.253.11,17,"-",76
"2025-11-24 18:09:53.363",IPv4,140.82.112.21,192.168.253.11,6,"-",91
"2025-11-24 18:09:53.393",IPv4,192.168.253.11,140.82.112.21,6,"-",52
"2025-11-24 18:09:53.455",IPv4,192.168.253.11,140.82.112.21,6,"-",52
"2025-11-24 18:09:53.517",IPv4,140.82.112.21,192.168.253.11,6,"-",76
"2025-11-24 18:09:53.530",IPv4,140.82.112.21,192.168.253.11,6,"-",52
"2025-11-24 18:09:53.565",IPv4,192.168.253.11,140.82.112.21,6,"-",40
"2025-11-24 18:09:53.605",IPv4,192.168.253.11,140.82.112.21,6,"-",40
"2025-11-24 18:09:57.052",IPv4,192.168.253.11,140.82.114.21,6,"-",60
"2025-11-24 18:09:57.204",IPv4,140.82.114.21,192.168.253.11,6,"-",60
"2025-11-24 18:09:57.229",IPv4,192.168.253.11,140.82.114.21,6,"-",52
"2025-11-24 18:09:57.262",IPv4,192.168.253.11,140.82.114.21,6,"-",1746
"2025-11-24 18:09:57.359",IPv4,140.82.114.21,192.168.253.11,6,"-",52
"2025-11-24 18:09:57.380",IPv4,140.82.114.21,192.168.253.11,6,"-",2900
"2025-11-24 18:09:57.423",IPv4,140.82.114.21,192.168.253.11,6,"-",1300
"2025-11-24 18:09:57.469",IPv4,192.168.253.11,140.82.114.21,6,"-",52
"2025-11-24 18:09:57.514",IPv4,192.168.253.11,140.82.114.21,6,"-",52
"2025-11-24 18:09:57.549",IPv4,140.82.114.21,192.168.253.11,6,"-",1634
"2025-11-24 18:09:57.584",IPv4,192.168.253.11,140.82.114.21,6,"-",52
"2025-11-24 18:09:57.631",IPv4,192.168.253.11,140.82.114.21,6,"-",2662
"2025-11-24 18:09:57.673",IPv4,140.82.114.21,192.168.253.11,6,"-",210
"2025-11-24 18:09:57.712",IPv4,140.82.114.21,192.168.253.11,6,"-",52
"2025-11-24 18:09:57.753",IPv4,192.168.253.11,140.82.114.21,6,"-",52
"2025-11-24 18:09:57.827",IPv4,140.82.114.21,192.168.253.11,6,"-",637
"2025-11-24 18:09:57.853",IPv4,140.82.114.21,192.168.253.11,6,"-",76
"2025-11-24 18:09:57.899",IPv4,192.168.253.11,140.82.114.21,6,"-",52
"2025-11-24 18:09:57.941",IPv4,192.168.253.11,140.82.114.21,6,"-",76
"2025-11-24 18:09:57.988",IPv4,192.168.253.11,140.82.114.21,6,"-",52
"2025-11-24 18:09:58.018",IPv4,140.82.114.21,192.168.253.11,6,"-",40
"2025-11-24 18:09:58.054",IPv4,140.82.114.21,192.168.253.11,6,"-",40
"2025-11-24 18:10:13.059",IPv4,192.168.253.11,140.82.114.21,6,"-",60
"2025-11-24 18:10:13.267",IPv4,140.82.114.21,192.168.253.11,6,"-",60
"2025-11-24 18:10:13.285",IPv4,192.168.253.11,140.82.114.21,6,"-",52
"2025-11-24 18:10:13.335",IPv4,192.168.253.11,140.82.114.21,6,"-",1746
"2025-11-24 18:10:13.472",IPv4,140.82.114.21,192.168.253.11,6,"-",52
"2025-11-24 18:10:13.499",IPv4,140.82.114.21,192.168.253.11,6,"-",1476
"2025-11-24 18:10:13.542",IPv4,140.82.114.21,192.168.253.11,6,"-",1300
"2025-11-24 18:10:13.591",IPv4,140.82.114.21,192.168.253.11,6,"-",1476
"2025-11-24 18:10:13.627",IPv4,192.168.253.11,140.82.114.21,6,"-",52
"2025-11-24 18:10:13.664",IPv4,192.168.253.11,140.82.114.21,6,"-",64
"2025-11-24 18:10:13.704",IPv4,192.168.253.11,140.82.114.21,6,"-",52
"2025-11-24 18:10:13.748",IPv4,140.82.114.21,192.168.253.11,6,"-",1634
"2025-11-24 18:10:13.788",IPv4,192.168.253.11,140.82.114.21,6,"-",52
"2025-11-24 18:10:13.829",IPv4,192.168.253.11,140.82.114.21,6,"-",2900
"2025-11-24 18:10:13.869",IPv4,192.168.253.11,140.82.114.21,6,"-",170
"2025-11-24 18:10:13.902",IPv4,140.82.114.21,192.168.253.11,6,"-",52
"2025-11-24 18:10:13.943",IPv4,140.82.114.21,192.168.253.11,6,"-",131
"2025-11-24 18:10:13.986",IPv4,140.82.114.21,192.168.253.11,6,"-",131
"2025-11-24 18:10:14.024",IPv4,192.168.253.11,140.82.114.21,6,"-",52
"2025-11-24 18:10:14.092",IPv4,140.82.114.21,192.168.253.11,6,"-",636
"2025-11-24 18:10:14.109",IPv4,140.82.114.21,192.168.253.11,6,"-",76
"2025-11-24 18:10:14.153",IPv4,140.82.114.21,192.168.253.11,6,"-",52
"2025-11-24 18:10:14.190",IPv4,192.168.253.11,140.82.114.21,6,"-",52
"2025-11-24 18:10:14.226",IPv4,192.168.253.11,140.82.114.21,6,"-",76
"2025-11-24 18:10:14.261",IPv4,192.168.253.11,140.82.114.21,6,"-",52
"2025-11-24 18:10:14.299",IPv4,140.82.114.21,192.168.253.11,6,"-",40
"2025-11-24 18:10:16.647",IPv4,192.168.253.11,142.251.134.46,6,"-",60
"2025-11-24 18:10:16.681",IPv4,142.251.134.46,192.168.253.11,6,"-",60
"2025-11-24 18:10:16.736",IPv4,192.168.253.11,142.251.134.46,6,"-",52
"2025-11-24 18:10:16.788",IPv4,192.168.253.11,142.251.134.46,6,"-",125
"2025-11-24 18:10:16.822",IPv4,142.251.134.46,192.168.253.11,6,"-",52
"2025-11-24 18:10:16.854",IPv4,142.251.134.46,192.168.253.11,6,"-",825
"2025-11-24 18:10:16.898",IPv4,192.168.253.11,142.251.134.46,6,"-",52
"2025-11-24 18:10:16.942",IPv4,192.168.253.11,142.251.134.46,6,"-",52
"2025-11-24 18:10:16.990",IPv4,142.251.134.46,192.168.253.11,6,"-",52
"2025-11-24 18:10:17.037",IPv4,192.168.253.11,142.251.134.46,6,"-",52
"2025-11-24 18:10:21.162",IPv4,192.168.253.11,143.107.229.211,17,"-",76
"2025-11-24 18:10:21.189",IPv4,143.107.229.211,192.168.253.11,17,"-",76
"2025-11-24 18:10:23.161",IPv4,192.168.253.11,200.160.0.8,17,"-",76
"2025-11-24 18:10:23.184",IPv4,192.168.253.11,143.107.229.210,17,"-",76
"2025-11-24 18:10:23.226",IPv4,200.160.0.8,192.168.253.11,17,"-",76
"2025-11-24 18:10:23.269",IPv4,143.107.229.210,192.168.253.11,17,"-",76
"2025-11-24 18:10:26.161",IPv4,192.168.253.11,216.238.106.159,17,"-",76
"2025-11-24 18:10:26.192",IPv4,216.238.106.159,192.168.253.11,17,"-",76
"2025-11-24 18:10:28.161",IPv4,192.168.253.11,200.160.7.186,17,"-",76
"2025-11-24 18:10:28.191",IPv4,200.160.7.186,192.168.253.11,17,"-",76
"2025-11-24 18:10:29.696",IPv4,192.168.253.11,142.251.134.46,6,"-",60
"2025-11-24 18:10:29.718",IPv4,142.251.134.46,192.168.253.11,6,"-",60
"2025-11-24 18:10:29.760",IPv4,192.168.253.11,142.251.134.46,6,"-",52
"2025-11-24 18:10:29.797",IPv4,192.168.253.11,142.251.134.46,6,"-",125
"2025-11-24 18:10:29.828",IPv4,142.251.134.46,192.168.253.11,6,"-",52
"2025-11-24 18:10:29.859",IPv4,142.251.134.46,192.168.253.11,6,"-",825
"2025-11-24 18:10:29.901",IPv4,192.168.253.11,142.251.134.46,6,"-",52
"2025-11-24 18:10:29.946",IPv4,192.168.253.11,142.251.134.46,6,"-",52
"2025-11-24 18:10:29.995",IPv4,142.251.134.46,192.168.253.11,6,"-",52
"2025-11-24 18:10:30.032",IPv4,192.168.253.11,142.251.134.46,6,"-",52
"2025-11-24 18:10:31.161",IPv4,192.168.253.11,91.189.91.157,17,"-",76
"2025-11-24 18:10:31.312",IPv4,91.189.91.157,192.168.253.11,17,"-",76
"2025-11-24 18:10:33.622",IPv4,192.168.253.11,4.228.31.149,6,"-",60
"2025-11-24 18:10:33.646",IPv4,4.228.31.149,192.168.253.11,6,"-",60
"2025-11-24 18:10:33.686",IPv4,192.168.253.11,4.228.31.149,6,"-",52
"2025-11-24 18:10:33.724",IPv4,192.168.253.11,4.228.31.149,6,"-",1722
"2025-11-24 18:10:33.770",IPv4,4.228.31.149,192.168.253.11,6,"-",52
"2025-11-24 18:10:33.811",IPv4,4.228.31.149,192.168.253.11,6,"-",1476
"2025-11-24 18:10:33.852",IPv4,4.228.31.149,192.168.253.11,6,"-",683
"2025-11-24 18:10:33.892",IPv4,4.228.31.149,192.168.253.11,6,"-",1476
"2025-11-24 18:10:33.932",IPv4,192.168.253.11,4.228.31.149,6,"-",52
"2025-11-24 18:10:33.975",IPv4,192.168.253.11,4.228.31.149,6,"-",64
"2025-11-24 18:10:34.018",IPv4,192.168.253.11,4.228.31.149,6,"-",52
"2025-11-24 18:10:34.060",IPv4,192.168.253.11,4.228.31.149,6,"-",1151
"2025-11-24 18:10:34.102",IPv4,4.228.31.149,192.168.253.11,6,"-",210
"2025-11-24 18:10:34.140",IPv4,192.168.253.11,4.228.31.149,6,"-",52
"2025-11-24 18:10:34.177",IPv4,4.228.31.149,192.168.253.11,6,"-",131
"2025-11-24 18:10:34.212",IPv4,192.168.253.11,4.228.31.149,6,"-",64
"2025-11-24 18:10:34.252",IPv4,4.228.31.149,192.168.253.11,6,"-",1518
"2025-11-24 18:10:34.294",IPv4,4.228.31.149,192.168.253.11,6,"-",76
"2025-11-24 18:10:34.338",IPv4,192.168.253.11,4.228.31.149,6,"-",52
"2025-11-24 18:10:34.380",IPv4,192.168.253.11,4.228.31.149,6,"-",76
"2025-11-24 18:10:34.421",IPv4,192.168.253.11,4.228.31.149,6,"-",52
"2025-11-24 18:10:34.459",IPv4,4.228.31.149,192.168.253.11,6,"-",40
"2025-11-24 18:10:34.499",IPv4,4.228.31.149,192.168.253.11,6,"-",40
"2025-11-24 18:10:34.541",IPv4,192.168.253.11,200.160.7.197,17,"-",76
"2025-11-24 18:10:34.600",IPv4,200.160.7.197,192.168.253.11,17,"-",76
"2025-11-24 18:10:42.162",IPv4,192.168.253.11,168.181.126.108,17,"-",76
"2025-11-24 18:10:42.202",IPv4,168.181.126.108,192.168.253.11,17,"-",76
"2025-11-24 18:10:45.267",IPv4,192.168.253.11,8.8.8.8,1,"type=8,code=0",84
"2025-11-24 18:10:45.288",IPv4,8.8.8.8,192.168.253.11,1,"type=0,code=0",84
"2025-11-24 18:10:46.267",IPv4,192.168.253.11,8.8.8.8,1,"type=8,code=0",84
"2025-11-24 18:10:46.338",IPv4,8.8.8.8,192.168.253.11,1,"type=0,code=0",84
"2025-11-24 18:10:47.270",IPv4,192.168.253.11,8.8.8.8,1,"type=8,code=0",84
"2025-11-24 18:10:47.329",IPv4,8.8.8.8,192.168.253.11,1,"type=0,code=0",84
"2025-11-24 18:10:48.271",IPv4,192.168.253.11,8.8.8.8,1,"type=8,code=0",84
"2025-11-24 18:10:48.292",IPv4,8.8.8.8,192.168.253.11,1,"type=0,code=0",84
"2025-11-24 18:10:49.272",IPv4,192.168.253.11,8.8.8.8,1,"type=8,code=0",84
"2025-11-24 18:10:49.292",IPv4,8.8.8.8,192.168.253.11,1,"type=0,code=0",84
"2025-11-24 18:10:50.275",IPv4,192.168.253.11,8.8.8.8,1,"type=8,code=0",84
"2025-11-24 18:10:50.294",IPv4,8.8.8.8,192.168.253.11,1,"type=0,code=0",84
"2025-11-24 18:10:50.757",IPv4,192.168.253.11,140.82.114.22,6,"-",60
"2025-11-24 18:10:50.956",IPv4,140.82.114.22,192.168.253.11,6,"-",60
"2025-11-24 18:10:50.975",IPv4,192.168.253.11,140.82.114.22,6,"-",52
"2025-11-24 18:10:51.025",IPv4,192.168.253.11,140.82.114.22,6,"-",1746
"2025-11-24 18:10:51.109",IPv4,140.82.114.22,192.168.253.11,6,"-",52
"2025-11-24 18:10:51.126",IPv4,140.82.114.22,192.168.253.11,6,"-",1300
"2025-11-24 18:10:51.158",IPv4,140.82.114.22,192.168.253.11,6,"-",2900
"2025-11-24 18:10:51.194",IPv4,192.168.253.11,140.82.114.22,6,"-",64
"2025-11-24 18:10:51.235",IPv4,192.168.253.11,140.82.114.22,6,"-",52
"2025-11-24 18:10:51.276",IPv4,140.82.114.22,192.168.253.11,6,"-",1634
"2025-11-24 18:10:51.321",IPv4,192.168.253.11,140.82.114.22,6,"-",52
"2025-11-24 18:10:51.359",IPv4,192.168.253.11,140.82.114.22,6,"-",2758
"2025-11-24 18:10:51.405",IPv4,192.168.253.11,8.8.8.8,1,"type=8,code=0",84
"2025-11-24 18:10:51.418",IPv4,140.82.114.22,192.168.253.11,6,"-",52
"2025-11-24 18:10:51.450",IPv4,140.82.114.22,192.168.253.11,6,"-",210
"2025-11-24 18:10:51.493",IPv4,192.168.253.11,140.82.114.22,6,"-",52
"2025-11-24 18:10:51.537",IPv4,8.8.8.8,192.168.253.11,1,"type=0,code=0",84
"2025-11-24 18:10:51.653",IPv4,140.82.114.22,192.168.253.11,6,"-",636
"2025-11-24 18:10:51.679",IPv4,140.82.114.22,192.168.253.11,6,"-",76
"2025-11-24 18:10:51.733",IPv4,140.82.114.22,192.168.253.11,6,"-",52
"2025-11-24 18:10:51.789",IPv4,192.168.253.11,140.82.114.22,6,"-",52
"2025-11-24 18:10:51.838",IPv4,192.168.253.11,140.82.114.22,6,"-",52
"2025-11-24 18:10:51.887",IPv4,192.168.253.11,140.82.114.22,6,"-",76
"2025-11-24 18:10:51.924",IPv4,192.168.253.11,140.82.114.22,6,"-",52
"2025-11-24 18:10:51.965",IPv4,140.82.114.22,192.168.253.11,6,"-",40
"2025-11-24 18:10:52.007",IPv4,140.82.114.22,192.168.253.11,6,"-",40
"2025-11-24 18:10:52.278",IPv4,192.168.253.11,8.8.8.8,1,"type=8,code=0",84
"2025-11-24 18:10:52.297",IPv4,8.8.8.8,192.168.253.11,1,"type=0,code=0",84
"2025-11-24 18:11:30.162",IPv4,192.168.253.11,143.107.229.211,17,"-",76
"2025-11-24 18:11:30.189",IPv4,192.168.253.11,143.107.229.210,17,"-",76
"2025-11-24 18:11:30.253",IPv4,143.107.229.210,192.168.253.11,17,"-",76
"2025-11-24 18:11:30.304",IPv4,143.107.229.211,192.168.253.11,17,"-",76
"2025-11-24 18:11:30.348",IPv4,192.168.240.1,224.0.0.251,17,"-",68
"2025-11-24 18:11:30.393",IPv6,fe80:0:0:0:802b:566d:cd1c:e958,ff02:0:0:0:0:0:0:fb,17,"-",88
"2025-11-24 18:11:30.431",IPv4,192.168.240.1,224.0.0.251,17,"-",68
"2025-11-24 18:11:30.473",IPv6,fe80:0:0:0:802b:566d:cd1c:e958,ff02:0:0:0:0:0:0:fb,17,"-",88
"2025-11-24 18:11:31.162",IPv4,192.168.253.11,200.160.0.8,17,"-",76
"2025-11-24 18:11:31.198",IPv4,200.160.0.8,192.168.253.11,17,"-",76
"2025-11-24 18:11:31.284",IPv4,192.168.240.1,224.0.0.251,17,"-",68
"2025-11-24 18:11:31.295",IPv6,fe80:0:0:0:802b:566d:cd1c:e958,ff02:0:0:0:0:0:0:fb,17,"-",88
"2025-11-24 18:11:31.337",IPv4,192.168.240.1,224.0.0.251,17,"-",68
"2025-11-24 18:11:31.384",IPv6,fe80:0:0:0:802b:566d:cd1c:e958,ff02:0:0:0:0:0:0:fb,17,"-",88
"2025-11-24 18:11:33.162",IPv4,192.168.253.11,216.238.106.159,17,"-",76
"2025-11-24 18:11:33.195",IPv4,216.238.106.159,192.168.253.11,17,"-",76
"2025-11-24 18:11:33.299",IPv4,192.168.240.1,224.0.0.251,17,"-",68
"2025-11-24 18:11:33.320",IPv6,fe80:0:0:0:802b:566d:cd1c:e958,ff02:0:0:0:0:0:0:fb,17,"-",88
"2025-11-24 18:11:33.372",IPv4,192.168.240.1,224.0.0.251,17,"-",68
"2025-11-24 18:11:33.416",IPv6,fe80:0:0:0:802b:566d:cd1c:e958,ff02:0:0:0:0:0:0:fb,17,"-",88
"2025-11-24 18:11:36.162",IPv4,192.168.253.11,91.189.91.157,17,"-",76
"2025-11-24 18:11:36.310",IPv4,91.189.91.157,192.168.253.11,17,"-",76
"2025-11-24 18:11:37.162",IPv4,192.168.253.11,200.160.7.186,17,"-",76
"2025-11-24 18:11:37.184",IPv4,200.160.7.186,192.168.253.11,17,"-",76
"2025-11-24 18:11:43.161",IPv4,192.168.253.11,200.160.7.197,17,"-",76
"2025-11-24 18:11:43.180",IPv4,200.160.7.197,192.168.253.11,17,"-",76
"2025-11-24 18:11:51.161",IPv4,192.168.253.11,168.181.126.108,17,"-",76
"2025-11-24 18:11:51.198",IPv4,168.181.126.108,192.168.253.11,17,"-",76
"2025-11-24 18:12:33.990",IPv4,192.168.253.11,4.228.31.149,6,"-",60
"2025-11-24 18:12:34.016",IPv4,4.228.31.149,192.168.253.11,6,"-",60
"2025-11-24 18:12:34.062",IPv4,192.168.253.11,4.228.31.149,6,"-",52
"2025-11-24 18:12:34.095",IPv4,192.168.253.11,4.228.31.149,6,"-",1722
"2025-11-24 18:12:34.130",IPv4,4.228.31.149,192.168.253.11,6,"-",52
"2025-11-24 18:12:34.171",IPv4,4.228.31.149,192.168.253.11,6,"-",2900
"2025-11-24 18:12:34.212",IPv4,4.228.31.149,192.168.253.11,6,"-",685
"2025-11-24 18:12:34.253",IPv4,192.168.253.11,4.228.31.149,6,"-",52
"2025-11-24 18:12:34.296",IPv4,192.168.253.11,4.228.31.149,6,"-",52
"2025-11-24 18:12:34.342",IPv4,192.168.253.11,4.228.31.149,6,"-",1151
"2025-11-24 18:12:34.379",IPv4,4.228.31.149,192.168.253.11,6,"-",210
"2025-11-24 18:12:34.413",IPv4,192.168.253.11,4.228.31.149,6,"-",52
"2025-11-24 18:12:34.454",IPv4,4.228.31.149,192.168.253.11,6,"-",131
"2025-11-24 18:12:34.491",IPv4,192.168.253.11,4.228.31.149,6,"-",64
"2025-11-24 18:12:34.527",IPv4,4.228.31.149,192.168.253.11,6,"-",1518
"2025-11-24 18:12:34.568",IPv4,4.228.31.149,192.168.253.11,6,"-",76
"2025-11-24 18:12:34.616",IPv4,4.228.31.149,192.168.253.11,6,"-",52
"2025-11-24 18:12:34.654",IPv4,192.168.253.11,4.228.31.149,6,"-",52
"2025-11-24 18:12:34.678",IPv4,192.168.253.11,4.228.31.149,6,"-",52
"2025-11-24 18:12:34.702",IPv4,192.168.253.11,4.228.31.149,6,"-",76
"2025-11-24 18:12:34.729",IPv4,192.168.253.11,4.228.31.149,6,"-",52
"2025-11-24 18:12:34.763",IPv4,4.228.31.149,192.168.253.11,6,"-",40
"2025-11-24 18:12:34.795",IPv4,4.228.31.149,192.168.253.11,6,"-",40
"2025-11-24 18:12:36.161",IPv4,192.168.253.11,143.107.229.210,17,"-",76
"2025-11-24 18:12:36.187",IPv4,143.107.229.210,192.168.253.11,17,"-",76
"2025-11-24 18:12:39.161",IPv4,192.168.253.11,200.160.0.8,17,"-",76
"2025-11-24 18:12:39.180",IPv4,192.168.253.11,143.107.229.211,17,"-",76
"2025-11-24 18:12:39.235",IPv4,200.160.0.8,192.168.253.11,17,"-",76
"2025-11-24 18:12:39.285",IPv4,143.107.229.211,192.168.253.11,17,"-",76
"2025-11-24 18:12:41.162",IPv4,192.168.253.11,91.189.91.157,17,"-",76
"2025-11-24 18:12:41.312",IPv4,91.189.91.157,192.168.253.11,17,"-",76
"2025-11-24 18:12:42.161",IPv4,192.168.253.11,216.238.106.159,17,"-",76
"2025-11-24 18:12:42.184",IPv4,216.238.106.159,192.168.253.11,17,"-",76
"2025-11-24 18:12:46.162",IPv4,192.168.253.11,200.160.7.186,17,"-",76
"2025-11-24 18:12:46.183",IPv4,200.160.7.186,192.168.253.11,17,"-",76
"2025-11-24 18:12:49.161",IPv4,192.168.253.11,200.160.7.197,17,"-",76
"2025-11-24 18:12:49.192",IPv4,200.160.7.197,192.168.253.11,17,"-",76
"2025-11-24 18:12:52.550",IPv4,192.168.253.11,140.82.114.21,6,"-",60
"2025-11-24 18:12:52.703",IPv4,140.82.114.21,192.168.253.11,6,"-",60
"2025-11-24 18:12:52.727",IPv4,192.168.253.11,140.82.114.21,6,"-",52
"2025-11-24 18:12:52.771",IPv4,192.168.253.11,140.82.114.21,6,"-",1747
"2025-11-24 18:12:52.861",IPv4,140.82.114.21,192.168.253.11,6,"-",52
"2025-11-24 18:12:52.881",IPv4,140.82.114.21,192.168.253.11,6,"-",1476
"2025-11-24 18:12:52.927",IPv4,140.82.114.21,192.168.253.11,6,"-",1300
"2025-11-24 18:12:52.969",IPv4,140.82.114.21,192.168.253.11,6,"-",1476
"2025-11-24 18:12:53.007",IPv4,192.168.253.11,140.82.114.21,6,"-",52
"2025-11-24 18:12:53.046",IPv4,192.168.253.11,140.82.114.21,6,"-",64
"2025-11-24 18:12:53.083",IPv4,192.168.253.11,140.82.114.21,6,"-",52
"2025-11-24 18:12:53.121",IPv4,140.82.114.21,192.168.253.11,6,"-",2021
"2025-11-24 18:12:53.163",IPv4,192.168.253.11,140.82.114.21,6,"-",52
"2025-11-24 18:12:53.207",IPv4,192.168.253.11,140.82.114.21,6,"-",116
"2025-11-24 18:12:53.253",IPv4,192.168.253.11,140.82.114.21,6,"-",356
"2025-11-24 18:12:53.283",IPv4,140.82.114.21,192.168.253.11,6,"-",210
"2025-11-24 18:12:53.322",IPv4,140.82.114.21,192.168.253.11,6,"-",116
"2025-11-24 18:12:53.362",IPv4,192.168.253.11,140.82.114.21,6,"-",52
"2025-11-24 18:12:53.402",IPv4,192.168.253.11,140.82.114.21,6,"-",83
"2025-11-24 18:12:53.438",IPv4,140.82.114.21,192.168.253.11,6,"-",52
"2025-11-24 18:12:53.476",IPv4,140.82.114.21,192.168.253.11,6,"-",337
"2025-11-24 18:12:53.517",IPv4,192.168.253.11,140.82.114.21,6,"-",52
"2025-11-24 18:12:59.161",IPv4,192.168.253.11,168.181.126.108,17,"-",76
"2025-11-24 18:12:59.195",IPv4,168.181.126.108,192.168.253.11,17,"-",76
"2025-11-24 18:13:06.337",IPv4,192.168.253.11,185.125.190.82,6,"-",60
"2025-11-24 18:13:06.545",IPv4,185.125.190.82,192.168.253.11,6,"-",60
"2025-11-24 18:13:06.570",IPv4,192.168.253.11,185.125.190.82,6,"-",52
"2025-11-24 18:13:06.612",IPv4,192.168.253.11,185.125.190.82,6,"-",229
"2025-11-24 18:13:06.756",IPv4,185.125.190.82,192.168.253.11,6,"-",52
"2025-11-24 18:13:06.781",IPv4,185.125.190.82,192.168.253.11,6,"-",14532
"2025-11-24 18:13:06.830",IPv4,192.168.253.11,185.125.190.82,6,"-",52
"2025-11-24 18:13:06.964",IPv4,185.125.190.82,192.168.253.11,6,"-",2948
"2025-11-24 18:13:06.987",IPv4,192.168.253.11,185.125.190.82,6,"-",52
"2025-11-24 18:13:07.065",IPv4,185.125.190.82,192.168.253.11,6,"-",2948
"2025-11-24 18:13:07.090",IPv4,192.168.253.11,185.125.190.82,6,"-",52
"2025-11-24 18:13:07.121",IPv4,185.125.190.82,192.168.253.11,6,"-",2948
"2025-11-24 18:13:07.149",IPv4,192.168.253.11,185.125.190.82,6,"-",52
"2025-11-24 18:13:07.182",IPv4,185.125.190.82,192.168.253.11,6,"-",2948
"2025-11-24 18:13:07.220",IPv4,192.168.253.11,185.125.190.82,6,"-",52
"2025-11-24 18:13:07.253",IPv4,185.125.190.82,192.168.253.11,6,"-",2948
"2025-11-24 18:13:07.287",IPv4,192.168.253.11,185.125.190.82,6,"-",52
"2025-11-24 18:13:07.317",IPv4,185.125.190.82,192.168.253.11,6,"-",2948
"2025-11-24 18:13:07.343",IPv4,192.168.253.11,185.125.190.82,6,"-",52
"2025-11-24 18:13:07.373",IPv4,185.125.190.82,192.168.253.11,6,"-",2948
"2025-11-24 18:13:07.401",IPv4,192.168.253.11,185.125.190.82,6,"-",52
"2025-11-24 18:13:07.432",IPv4,185.125.190.82,192.168.253.11,6,"-",2948
"2025-11-24 18:13:07.457",IPv4,192.168.253.11,185.125.190.82,6,"-",52
"2025-11-24 18:13:07.483",IPv4,185.125.190.82,192.168.253.11,6,"-",2948
"2025-11-24 18:13:07.512",IPv4,192.168.253.11,185.125.190.82,6,"-",52
"2025-11-24 18:13:07.539",IPv4,185.125.190.82,192.168.253.11,6,"-",2948
"2025-11-24 18:13:07.579",IPv4,192.168.253.11,185.125.190.82,6,"-",52
"2025-11-24 18:13:07.620",IPv4,185.125.190.82,192.168.253.11,6,"-",1500
"2025-11-24 18:13:07.658",IPv4,192.168.253.11,185.125.190.82,6,"-",52
"2025-11-24 18:13:07.685",IPv4,185.125.190.82,192.168.253.11,6,"-",2948
"2025-11-24 18:13:07.714",IPv4,192.168.253.11,185.125.190.82,6,"-",52
"2025-11-24 18:13:07.746",IPv4,185.125.190.82,192.168.253.11,6,"-",2948
"2025-11-24 18:13:07.775",IPv4,192.168.253.11,185.125.190.82,6,"-",52
"2025-11-24 18:13:07.801",IPv4,185.125.190.82,192.168.253.11,6,"-",2948
"2025-11-24 18:13:07.830",IPv4,192.168.253.11,185.125.190.82,6,"-",52
"2025-11-24 18:13:07.857",IPv4,185.125.190.82,192.168.253.11,6,"-",2948
"2025-11-24 18:13:07.884",IPv4,192.168.253.11,185.125.190.82,6,"-",52
"2025-11-24 18:13:07.905",IPv4,185.125.190.82,192.168.253.11,6,"-",2948
"2025-11-24 18:13:07.925",IPv4,192.168.253.11,185.125.190.82,6,"-",52
"2025-11-24 18:13:07.953",IPv4,185.125.190.82,192.168.253.11,6,"-",2948
"2025-11-24 18:13:07.988",IPv4,192.168.253.11,185.125.190.82,6,"-",52
"2025-11-24 18:13:08.030",IPv4,185.125.190.82,192.168.253.11,6,"-",2948
"2025-11-24 18:13:08.071",IPv4,192.168.253.11,185.125.190.82,6,"-",52
"2025-11-24 18:13:08.098",IPv4,185.125.190.82,192.168.253.11,6,"-",2948
"2025-11-24 18:13:08.126",IPv4,192.168.253.11,185.125.190.82,6,"-",52
"2025-11-24 18:13:08.154",IPv4,185.125.190.82,192.168.253.11,6,"-",2948
"2025-11-24 18:13:08.187",IPv4,192.168.253.11,185.125.190.82,6,"-",52
"2025-11-24 18:13:08.221",IPv4,185.125.190.82,192.168.253.11,6,"-",2948
"2025-11-24 18:13:08.250",IPv4,192.168.253.11,185.125.190.82,6,"-",52
"2025-11-24 18:13:08.282",IPv4,185.125.190.82,192.168.253.11,6,"-",2948
"2025-11-24 18:13:08.316",IPv4,192.168.253.11,185.125.190.82,6,"-",52
"2025-11-24 18:13:08.346",IPv4,185.125.190.82,192.168.253.11,6,"-",2948
"2025-11-24 18:13:08.384",IPv4,192.168.253.11,185.125.190.82,6,"-",52
"2025-11-24 18:13:08.420",IPv4,185.125.190.82,192.168.253.11,6,"-",2948
"2025-11-24 18:13:08.443",IPv4,192.168.253.11,185.125.190.82,6,"-",52
"2025-11-24 18:13:08.482",IPv4,185.125.190.82,192.168.253.11,6,"-",2948
"2025-11-24 18:13:08.529",IPv4,192.168.253.11,185.125.190.82,6,"-",52
"2025-11-24 18:13:08.572",IPv4,185.125.190.82,192.168.253.11,6,"-",1500
"2025-11-24 18:13:08.622",IPv4,192.168.253.11,185.125.190.82,6,"-",52
"2025-11-24 18:13:08.666",IPv4,185.125.190.82,192.168.253.11,6,"-",1500
"2025-11-24 18:13:08.702",IPv4,192.168.253.11,185.125.190.82,6,"-",52
"2025-11-24 18:13:08.738",IPv4,185.125.190.82,192.168.253.11,6,"-",2948
"2025-11-24 18:13:08.769",IPv4,192.168.253.11,185.125.190.82,6,"-",52
"2025-11-24 18:13:08.800",IPv4,185.125.190.82,192.168.253.11,6,"-",2948
"2025-11-24 18:13:08.828",IPv4,192.168.253.11,185.125.190.82,6,"-",52
"2025-11-24 18:13:08.866",IPv4,185.125.190.82,192.168.253.11,6,"-",2948
"2025-11-24 18:13:08.899",IPv4,192.168.253.11,185.125.190.82,6,"-",52
"2025-11-24 18:13:08.941",IPv4,185.125.190.82,192.168.253.11,6,"-",2948
"2025-11-24 18:13:08.979",IPv4,192.168.253.11,185.125.190.82,6,"-",52
"2025-11-24 18:13:09.013",IPv4,185.125.190.82,192.168.253.11,6,"-",2948
"2025-11-24 18:13:09.044",IPv4,192.168.253.11,185.125.190.82,6,"-",52
"2025-11-24 18:13:09.074",IPv4,185.125.190.82,192.168.253.11,6,"-",2948
"2025-11-24 18:13:09.113",IPv4,192.168.253.11,185.125.190.82,6,"-",52
"2025-11-24 18:13:09.147",IPv4,185.125.190.82,192.168.253.11,6,"-",2948
"2025-11-24 18:13:09.185",IPv4,192.168.253.11,185.125.190.82,6,"-",52
"2025-11-24 18:13:09.221",IPv4,185.125.190.82,192.168.253.11,6,"-",2948
"2025-11-24 18:13:09.259",IPv4,192.168.253.11,185.125.190.82,6,"-",52
"2025-11-24 18:13:09.296",IPv4,185.125.190.82,192.168.253.11,6,"-",2948
"2025-11-24 18:13:09.329",IPv4,192.168.253.11,185.125.190.82,6,"-",52
"2025-11-24 18:13:09.361",IPv4,185.125.190.82,192.168.253.11,6,"-",2948
"2025-11-24 18:13:09.395",IPv4,192.168.253.11,185.125.190.82,6,"-",52
"2025-11-24 18:13:09.427",IPv4,185.125.190.82,192.168.253.11,6,"-",2948
"2025-11-24 18:13:09.462",IPv4,192.168.253.11,185.125.190.82,6,"-",52
"2025-11-24 18:13:09.499",IPv4,185.125.190.82,192.168.253.11,6,"-",2948
"2025-11-24 18:13:09.535",IPv4,192.168.253.11,185.125.190.82,6,"-",52
"2025-11-24 18:13:09.578",IPv4,185.125.190.82,192.168.253.11,6,"-",2948
"2025-11-24 18:13:09.619",IPv4,192.168.253.11,185.125.190.82,6,"-",52
"2025-11-24 18:13:09.657",IPv4,185.125.190.82,192.168.253.11,6,"-",2948
"2025-11-24 18:13:09.692",IPv4,192.168.253.11,185.125.190.82,6,"-",52
"2025-11-24 18:13:09.729",IPv4,185.125.190.82,192.168.253.11,6,"-",2948
"2025-11-24 18:13:09.766",IPv4,192.168.253.11,185.125.190.82,6,"-",52
"2025-11-24 18:13:09.802",IPv4,185.125.190.82,192.168.253.11,6,"-",2948
"2025-11-24 18:13:09.840",IPv4,192.168.253.11,185.125.190.82,6,"-",52
"2025-11-24 18:13:09.876",IPv4,185.125.190.82,192.168.253.11,6,"-",2948
"2025-11-24 18:13:09.916",IPv4,192.168.253.11,185.125.190.82,6,"-",52
"2025-11-24 18:13:09.957",IPv4,185.125.190.82,192.168.253.11,6,"-",2948
"2025-11-24 18:13:10.001",IPv4,192.168.253.11,185.125.190.82,6,"-",52
"2025-11-24 18:13:10.046",IPv4,185.125.190.82,192.168.253.11,6,"-",2948
"2025-11-24 18:13:10.089",IPv4,192.168.253.11,185.125.190.82,6,"-",52
"2025-11-24 18:13:10.132",IPv4,185.125.190.82,192.168.253.11,6,"-",2948
"2025-11-24 18:13:10.175",IPv4,192.168.253.11,185.125.190.82,6,"-",52
"2025-11-24 18:13:10.209",IPv4,185.125.190.82,192.168.253.11,6,"-",2948
"2025-11-24 18:13:10.235",IPv4,192.168.253.11,185.125.190.82,6,"-",52
"2025-11-24 18:13:10.268",IPv4,185.125.190.82,192.168.253.11,6,"-",2948
"2025-11-24 18:13:10.307",IPv4,192.168.253.11,185.125.190.82,6,"-",52
"2025-11-24 18:13:10.349",IPv4,185.125.190.82,192.168.253.11,6,"-",2948
"2025-11-24 18:13:10.387",IPv4,192.168.253.11,185.125.190.82,6,"-",52
"2025-11-24 18:13:10.427",IPv4,185.125.190.82,192.168.253.11,6,"-",2948
"2025-11-24 18:13:10.460",IPv4,192.168.253.11,185.125.190.82,6,"-",52
"2025-11-24 18:13:10.502",IPv4,185.125.190.82,192.168.253.11,6,"-",2948
"2025-11-24 18:13:10.542",IPv4,192.168.253.11,185.125.190.82,6,"-",52
"2025-11-24 18:13:10.587",IPv4,185.125.190.82,192.168.253.11,6,"-",2948
"2025-11-24 18:13:10.629",IPv4,192.168.253.11,185.125.190.82,6,"-",52
"2025-11-24 18:13:10.674",IPv4,185.125.190.82,192.168.253.11,6,"-",2948
"2025-11-24 18:13:10.718",IPv4,192.168.253.11,185.125.190.82,6,"-",52
"2025-11-24 18:13:10.768",IPv4,185.125.190.82,192.168.253.11,6,"-",2948
"2025-11-24 18:13:10.794",IPv4,192.168.253.11,185.125.190.82,6,"-",52
"2025-11-24 18:13:10.839",IPv4,185.125.190.82,192.168.253.11,6,"-",2948
"2025-11-24 18:13:10.881",IPv4,192.168.253.11,185.125.190.82,6,"-",52
"2025-11-24 18:13:10.926",IPv4,185.125.190.82,192.168.253.11,6,"-",2948
"2025-11-24 18:13:10.968",IPv4,192.168.253.11,185.125.190.82,6,"-",52
"2025-11-24 18:13:11.011",IPv4,185.125.190.82,192.168.253.11,6,"-",2948
"2025-11-24 18:13:11.057",IPv4,192.168.253.11,185.125.190.82,6,"-",52
"2025-11-24 18:13:11.108",IPv4,185.125.190.82,192.168.253.11,6,"-",2948
"2025-11-24 18:13:11.159",IPv4,192.168.253.11,185.125.190.82,6,"-",52
"2025-11-24 18:13:11.210",IPv4,185.125.190.82,192.168.253.11,6,"-",2948
"2025-11-24 18:13:11.256",IPv4,192.168.253.11,185.125.190.82,6,"-",52
"2025-11-24 18:13:11.309",IPv4,185.125.190.82,192.168.253.11,6,"-",2948
"2025-11-24 18:13:11.355",IPv4,192.168.253.11,185.125.190.82,6,"-",52
"2025-11-24 18:13:11.392",IPv4,185.125.190.82,192.168.253.11,6,"-",2948
"2025-11-24 18:13:11.439",IPv4,192.168.253.11,185.125.190.82,6,"-",52
"2025-11-24 18:13:11.487",IPv4,185.125.190.82,192.168.253.11,6,"-",2948
"2025-11-24 18:13:11.536",IPv4,192.168.253.11,185.125.190.82,6,"-",52
"2025-11-24 18:13:11.577",IPv4,185.125.190.82,192.168.253.11,6,"-",2948
"2025-11-24 18:13:11.619",IPv4,192.168.253.11,185.125.190.82,6,"-",52
"2025-11-24 18:13:11.662",IPv4,185.125.190.82,192.168.253.11,6,"-",2948
"2025-11-24 18:13:11.709",IPv4,192.168.253.11,185.125.190.82,6,"-",52
"2025-11-24 18:13:11.756",IPv4,185.125.190.82,192.168.253.11,6,"-",2948
"2025-11-24 18:13:11.802",IPv4,192.168.253.11,185.125.190.82,6,"-",52
"2025-11-24 18:13:11.845",IPv4,185.125.190.82,192.168.253.11,6,"-",2948
"2025-11-24 18:13:11.888",IPv4,192.168.253.11,185.125.190.82,6,"-",52
"2025-11-24 18:13:11.933",IPv4,185.125.190.82,192.168.253.11,6,"-",2948
"2025-11-24 18:13:11.977",IPv4,192.168.253.11,185.125.190.82,6,"-",52
"2025-11-24 18:13:12.024",IPv4,185.125.190.82,192.168.253.11,6,"-",2948
"2025-11-24 18:13:12.071",IPv4,192.168.253.11,185.125.190.82,6,"-",52
"2025-11-24 18:13:12.120",IPv4,185.125.190.82,192.168.253.11,6,"-",2948
"2025-11-24 18:13:12.165",IPv4,192.168.253.11,185.125.190.82,6,"-",52
"2025-11-24 18:13:12.213",IPv4,185.125.190.82,192.168.253.11,6,"-",2948
"2025-11-24 18:13:12.256",IPv4,192.168.253.11,185.125.190.82,6,"-",52
"2025-11-24 18:13:12.297",IPv4,185.125.190.82,192.168.253.11,6,"-",2948
"2025-11-24 18:13:12.343",IPv4,192.168.253.11,185.125.190.82,6,"-",52
"2025-11-24 18:13:12.394",IPv4,185.125.190.82,192.168.253.11,6,"-",2948
"2025-11-24 18:13:12.448",IPv4,192.168.253.11,185.125.190.82,6,"-",52
"2025-11-24 18:13:12.497",IPv4,185.125.190.82,192.168.253.11,6,"-",2948
"2025-11-24 18:13:12.550",IPv4,192.168.253.11,185.125.190.82,6,"-",52
"2025-11-24 18:13:12.596",IPv4,185.125.190.82,192.168.253.11,6,"-",2948
"2025-11-24 18:13:12.640",IPv4,192.168.253.11,185.125.190.82,6,"-",52
"2025-11-24 18:13:12.689",IPv4,185.125.190.82,192.168.253.11,6,"-",2948
"2025-11-24 18:13:12.738",IPv4,192.168.253.11,185.125.190.82,6,"-",52
"2025-11-24 18:13:12.783",IPv4,185.125.190.82,192.168.253.11,6,"-",2948
"2025-11-24 18:13:12.827",IPv4,192.168.253.11,185.125.190.82,6,"-",52
"2025-11-24 18:13:12.875",IPv4,185.125.190.82,192.168.253.11,6,"-",2948
"2025-11-24 18:13:12.925",IPv4,192.168.253.11,185.125.190.82,6,"-",52
"2025-11-24 18:13:12.957",IPv4,185.125.190.82,192.168.253.11,6,"-",2948
"2025-11-24 18:13:12.987",IPv4,192.168.253.11,185.125.190.82,6,"-",52
"2025-11-24 18:13:13.023",IPv4,185.125.190.82,192.168.253.11,6,"-",2948
"2025-11-24 18:13:13.065",IPv4,192.168.253.11,185.125.190.82,6,"-",52
"2025-11-24 18:13:13.107",IPv4,185.125.190.82,192.168.253.11,6,"-",2948
"2025-11-24 18:13:13.150",IPv4,192.168.253.11,185.125.190.82,6,"-",52
"2025-11-24 18:13:13.193",IPv4,185.125.190.82,192.168.253.11,6,"-",2948
"2025-11-24 18:13:13.236",IPv4,192.168.253.11,185.125.190.82,6,"-",52
"2025-11-24 18:13:13.282",IPv4,185.125.190.82,192.168.253.11,6,"-",2948
"2025-11-24 18:13:13.328",IPv4,192.168.253.11,185.125.190.82,6,"-",52
"2025-11-24 18:13:13.366",IPv4,185.125.190.82,192.168.253.11,6,"-",2948
"2025-11-24 18:13:13.407",IPv4,192.168.253.11,185.125.190.82,6,"-",52
"2025-11-24 18:13:13.450",IPv4,185.125.190.82,192.168.253.11,6,"-",2948
"2025-11-24 18:13:13.484",IPv4,192.168.253.11,185.125.190.82,6,"-",52
"2025-11-24 18:13:13.517",IPv4,185.125.190.82,192.168.253.11,6,"-",2948
"2025-11-24 18:13:13.555",IPv4,192.168.253.11,185.125.190.82,6,"-",52
"2025-11-24 18:13:13.592",IPv4,185.125.190.82,192.168.253.11,6,"-",2948
"2025-11-24 18:13:13.633",IPv4,192.168.253.11,185.125.190.82,6,"-",52
"2025-11-24 18:13:13.686",IPv4,185.125.190.82,192.168.253.11,6,"-",2948
"2025-11-24 18:13:13.735",IPv4,192.168.253.11,185.125.190.82,6,"-",52
"2025-11-24 18:13:13.782",IPv4,185.125.190.82,192.168.253.11,6,"-",2948
"2025-11-24 18:13:13.815",IPv4,185.125.190.82,192.168.253.11,6,"-",2948
"2025-11-24 18:13:13.850",IPv4,192.168.253.11,185.125.190.82,6,"-",52
"2025-11-24 18:13:13.880",IPv4,185.125.190.82,192.168.253.11,6,"-",2948
"2025-11-24 18:13:13.920",IPv4,185.125.190.82,192.168.253.11,6,"-",2948
"2025-11-24 18:13:13.957",IPv4,185.125.190.82,192.168.253.11,6,"-",2948
"2025-11-24 18:13:14.001",IPv4,192.168.253.11,185.125.190.82,6,"-",52
"2025-11-24 18:13:14.049",IPv4,192.168.253.11,185.125.190.82,6,"-",52
"2025-11-24 18:13:14.095",IPv4,185.125.190.82,192.168.253.11,6,"-",4396
"2025-11-24 18:13:14.137",IPv4,185.125.190.82,192.168.253.11,6,"-",52
"2025-11-24 18:13:14.159",IPv4,192.168.253.11,185.125.190.82,6,"-",52
"2025-11-24 18:13:14.192",IPv4,0.0.0.0,255.255.255.255,17,"-",328
"2025-11-24 18:13:16.082",IPv4,0.0.0.0,255.255.255.255,17,"-",328
"2025-11-24 18:13:20.013",IPv4,0.0.0.0,255.255.255.255,17,"-",328
"2025-11-24 18:13:45.161",IPv4,192.168.253.11,143.107.229.210,17,"-",76
"2025-11-24 18:13:45.185",IPv4,143.107.229.210,192.168.253.11,17,"-",76
"2025-11-24 18:13:46.162",IPv4,192.168.253.11,200.160.0.8,17,"-",76
"2025-11-24 18:13:46.187",IPv4,192.168.253.11,91.189.91.157,17,"-",76
"2025-11-24 18:13:46.238",IPv4,200.160.0.8,192.168.253.11,17,"-",76
"2025-11-24 18:13:46.310",IPv4,91.189.91.157,192.168.253.11,17,"-",76
"2025-11-24 18:13:47.161",IPv4,192.168.253.11,143.107.229.211,17,"-",76
"2025-11-24 18:13:47.187",IPv4,143.107.229.211,192.168.253.11,17,"-",76
"2025-11-24 18:13:49.161",IPv4,192.168.253.11,216.238.106.159,17,"-",76
"2025-11-24 18:13:49.185",IPv4,216.238.106.159,192.168.253.11,17,"-",76
"2025-11-24 18:13:53.161",IPv4,192.168.253.11,200.160.7.186,17,"-",76
"2025-11-24 18:13:53.186",IPv4,200.160.7.186,192.168.253.11,17,"-",76
"2025-11-24 18:13:54.354",IPv4,192.168.253.11,140.82.114.21,6,"-",52
"2025-11-24 18:13:54.506",IPv4,140.82.114.21,192.168.253.11,6,"-",52
"2025-11-24 18:13:57.161",IPv4,192.168.253.11,200.160.7.197,17,"-",76
"2025-11-24 18:13:57.180",IPv4,200.160.7.197,192.168.253.11,17,"-",76
"2025-11-24 18:14:05.161",IPv4,192.168.253.11,168.181.126.108,17,"-",76
"2025-11-24 18:14:05.195",IPv4,168.181.126.108,192.168.253.11,17,"-",76
"2025-11-24 18:34:29.189",IPv4,192.168.253.11,91.189.91.157,17,"-",76
"2025-11-24 18:34:29.311",IPv4,91.189.91.157,192.168.253.11,17,"-",76
"2025-11-24 18:34:53.297",IPv4,140.82.114.21,192.168.253.11,6,"-",91
"2025-11-24 18:34:53.311",IPv4,192.168.253.11,140.82.114.21,6,"-",52
"2025-11-24 18:34:53.345",IPv4,192.168.253.11,140.82.114.21,6,"-",52
"2025-11-24 18:34:53.452",IPv4,140.82.114.21,192.168.253.11,6,"-",76
"2025-11-24 18:34:53.470",IPv4,140.82.114.21,192.168.253.11,6,"-",52
"2025-11-24 18:34:53.520",IPv4,192.168.253.11,140.82.114.21,6,"-",40
"2025-11-24 18:34:53.566",IPv4,192.168.253.11,140.82.114.21,6,"-",40
"2025-11-24 18:34:55.766",IPv4,192.168.253.11,4.228.31.149,6,"-",60
"2025-11-24 18:34:55.792",IPv4,4.228.31.149,192.168.253.11,6,"-",60
"2025-11-24 18:34:55.844",IPv4,192.168.253.11,4.228.31.149,6,"-",52
"2025-11-24 18:34:55.883",IPv4,192.168.253.11,4.228.31.149,6,"-",1722
"2025-11-24 18:34:55.924",IPv4,4.228.31.149,192.168.253.11,6,"-",52
"2025-11-24 18:34:55.965",IPv4,4.228.31.149,192.168.253.11,6,"-",2900
"2025-11-24 18:34:56.008",IPv4,4.228.31.149,192.168.253.11,6,"-",684
"2025-11-24 18:34:56.048",IPv4,192.168.253.11,4.228.31.149,6,"-",52
"2025-11-24 18:34:56.088",IPv4,192.168.253.11,4.228.31.149,6,"-",52
"2025-11-24 18:34:56.126",IPv4,192.168.253.11,4.228.31.149,6,"-",1151
"2025-11-24 18:34:56.168",IPv4,4.228.31.149,192.168.253.11,6,"-",131
"2025-11-24 18:34:56.209",IPv4,4.228.31.149,192.168.253.11,6,"-",131
"2025-11-24 18:34:56.247",IPv4,192.168.253.11,4.228.31.149,6,"-",52
"2025-11-24 18:34:56.291",IPv4,4.228.31.149,192.168.253.11,6,"-",1518
"2025-11-24 18:34:56.338",IPv4,4.228.31.149,192.168.253.11,6,"-",76
"2025-11-24 18:34:56.379",IPv4,4.228.31.149,192.168.253.11,6,"-",52
"2025-11-24 18:34:56.429",IPv4,192.168.253.11,4.228.31.149,6,"-",52
"2025-11-24 18:34:56.471",IPv4,192.168.253.11,4.228.31.149,6,"-",76
"2025-11-24 18:34:56.519",IPv4,192.168.253.11,4.228.31.149,6,"-",52
"2025-11-24 18:34:56.556",IPv4,4.228.31.149,192.168.253.11,6,"-",40
"2025-11-24 18:34:56.600",IPv4,4.228.31.149,192.168.253.11,6,"-",40
"2025-11-24 18:35:05.162",IPv4,192.168.253.11,143.107.229.210,17,"-",76
"2025-11-24 18:35:05.197",IPv4,143.107.229.210,192.168.253.11,17,"-",76
"2025-11-24 18:35:10.161",IPv4,192.168.253.11,143.107.229.211,17,"-",76
"2025-11-24 18:35:10.186",IPv4,143.107.229.211,192.168.253.11,17,"-",76
"2025-11-24 18:35:11.162",IPv4,192.168.253.11,200.160.0.8,17,"-",76
"2025-11-24 18:35:11.189",IPv4,200.160.0.8,192.168.253.11,17,"-",76
"2025-11-24 18:35:15.982",IPv4,192.168.253.11,8.8.8.8,1,"type=8,code=0",84
"2025-11-24 18:35:16.011",IPv4,8.8.8.8,192.168.253.11,1,"type=0,code=0",84
"2025-11-24 18:35:16.983",IPv4,192.168.253.11,8.8.8.8,1,"type=8,code=0",84
"2025-11-24 18:35:17.003",IPv4,8.8.8.8,192.168.253.11,1,"type=0,code=0",84
"2025-11-24 18:35:17.162",IPv4,192.168.253.11,200.160.7.186,17,"-",76
"2025-11-24 18:35:17.189",IPv4,200.160.7.186,192.168.253.11,17,"-",76
"2025-11-24 18:35:17.984",IPv4,192.168.253.11,8.8.8.8,1,"type=8,code=0",84
"2025-11-24 18:35:18.002",IPv4,8.8.8.8,192.168.253.11,1,"type=0,code=0",84
"2025-11-24 18:35:18.161",IPv4,192.168.253.11,216.238.106.159,17,"-",76
"2025-11-24 18:35:18.184",IPv4,216.238.106.159,192.168.253.11,17,"-",76
"2025-11-24 18:35:18.986",IPv4,192.168.253.11,8.8.8.8,1,"type=8,code=0",84
"2025-11-24 18:35:19.004",IPv4,8.8.8.8,192.168.253.11,1,"type=0,code=0",84
"2025-11-24 18:35:19.987",IPv4,192.168.253.11,8.8.8.8,1,"type=8,code=0",84
"2025-11-24 18:35:20.005",IPv4,8.8.8.8,192.168.253.11,1,"type=0,code=0",84
"2025-11-24 18:35:20.162",IPv4,192.168.253.11,200.160.7.197,17,"-",76
"2025-11-24 18:35:20.192",IPv4,200.160.7.197,192.168.253.11,17,"-",76
"2025-11-24 18:35:20.989",IPv4,192.168.253.11,8.8.8.8,1,"type=8,code=0",84
"2025-11-24 18:35:21.012",IPv4,8.8.8.8,192.168.253.11,1,"type=0,code=0",84
"2025-11-24 18:35:21.991",IPv4,192.168.253.11,8.8.8.8,1,"type=8,code=0",84
"2025-11-24 18:35:22.013",IPv4,8.8.8.8,192.168.253.11,1,"type=0,code=0",84
"2025-11-24 18:35:22.993",IPv4,192.168.253.11,8.8.8.8,1,"type=8,code=0",84
"2025-11-24 18:35:23.012",IPv4,8.8.8.8,192.168.253.11,1,"type=0,code=0",84
"2025-11-24 18:35:23.162",IPv4,192.168.253.11,168.181.126.108,17,"-",76
"2025-11-24 18:35:23.198",IPv4,168.181.126.108,192.168.253.11,17,"-",76
"2025-11-24 18:35:23.994",IPv4,192.168.253.11,8.8.8.8,1,"type=8,code=0",84
"2025-11-24 18:35:24.012",IPv4,8.8.8.8,192.168.253.11,1,"type=0,code=0",84
"2025-11-24 18:35:24.996",IPv4,192.168.253.11,8.8.8.8,1,"type=8,code=0",84
"2025-11-24 18:35:25.014",IPv4,8.8.8.8,192.168.253.11,1,"type=0,code=0",84
"2025-11-24 18:35:25.998",IPv4,192.168.253.11,8.8.8.8,1,"type=8,code=0",84
"2025-11-24 18:35:26.018",IPv4,8.8.8.8,192.168.253.11,1,"type=0,code=0",84
"2025-11-24 18:35:27.001",IPv4,192.168.253.11,8.8.8.8,1,"type=8,code=0",84
"2025-11-24 18:35:27.019",IPv4,8.8.8.8,192.168.253.11,1,"type=0,code=0",84
"2025-11-24 18:35:28.002",IPv4,192.168.253.11,8.8.8.8,1,"type=8,code=0",84
"2025-11-24 18:35:28.020",IPv4,8.8.8.8,192.168.253.11,1,"type=0,code=0",84
"2025-11-24 18:35:29.004",IPv4,192.168.253.11,8.8.8.8,1,"type=8,code=0",84
"2025-11-24 18:35:29.023",IPv4,8.8.8.8,192.168.253.11,1,"type=0,code=0",84
"2025-11-24 18:35:29.659",IPv4,192.168.253.11,13.107.5.93,6,"-",60
"2025-11-24 18:35:29.680",IPv4,13.107.5.93,192.168.253.11,6,"-",52
"2025-11-24 18:35:29.722",IPv4,192.168.253.11,13.107.5.93,6,"-",40
"2025-11-24 18:35:29.756",IPv4,192.168.253.11,13.107.5.93,6,"-",1651
"2025-11-24 18:35:29.790",IPv4,13.107.5.93,192.168.253.11,6,"-",40
"2025-11-24 18:35:29.827",IPv4,13.107.5.93,192.168.253.11,6,"-",139
"2025-11-24 18:35:29.869",IPv4,192.168.253.11,13.107.5.93,6,"-",40
"2025-11-24 18:35:29.907",IPv4,192.168.253.11,13.107.5.93,6,"-",538
"2025-11-24 18:35:29.948",IPv4,13.107.5.93,192.168.253.11,6,"-",40
"2025-11-24 18:35:29.987",IPv4,13.107.5.93,192.168.253.11,6,"-",2960
"2025-11-24 18:35:30.036",IPv4,13.107.5.93,192.168.253.11,6,"-",1330
"2025-11-24 18:35:30.083",IPv4,192.168.253.11,13.107.5.93,6,"-",40
"2025-11-24 18:35:30.124",IPv4,192.168.253.11,13.107.5.93,6,"-",655
"2025-11-24 18:35:30.168",IPv4,13.107.5.93,192.168.253.11,6,"-",40
"2025-11-24 18:35:30.208",IPv4,13.107.5.93,192.168.253.11,6,"-",499
"2025-11-24 18:35:30.246",IPv4,192.168.253.11,13.107.5.93,6,"-",40
"2025-11-24 18:35:30.285",IPv4,13.107.5.93,192.168.253.11,6,"-",1502
"2025-11-24 18:35:30.327",IPv4,13.107.5.93,192.168.253.11,6,"-",1086
"2025-11-24 18:35:30.368",IPv4,13.107.5.93,192.168.253.11,6,"-",161
"2025-11-24 18:35:30.409",IPv4,192.168.253.11,13.107.5.93,6,"-",40
"2025-11-24 18:35:30.454",IPv4,192.168.253.11,13.107.5.93,6,"-",40
"2025-11-24 18:35:30.494",IPv4,192.168.253.11,13.107.5.93,6,"-",40
"2025-11-24 18:35:30.538",IPv4,192.168.253.11,8.8.8.8,1,"type=8,code=0",84
"2025-11-24 18:35:30.554",IPv4,8.8.8.8,192.168.253.11,1,"type=0,code=0",84
"2025-11-24 18:35:31.008",IPv4,192.168.253.11,8.8.8.8,1,"type=8,code=0",84
"2025-11-24 18:35:31.026",IPv4,8.8.8.8,192.168.253.11,1,"type=0,code=0",84
"2025-11-24 18:35:32.009",IPv4,192.168.253.11,8.8.8.8,1,"type=8,code=0",84
"2025-11-24 18:35:32.028",IPv4,8.8.8.8,192.168.253.11,1,"type=0,code=0",84
"2025-11-24 18:35:33.011",IPv4,192.168.253.11,8.8.8.8,1,"type=8,code=0",84
"2025-11-24 18:35:33.030",IPv4,8.8.8.8,192.168.253.11,1,"type=0,code=0",84
"2025-11-24 18:35:33.162",IPv4,192.168.253.11,91.189.91.157,17,"-",76
"2025-11-24 18:35:33.311",IPv4,91.189.91.157,192.168.253.11,17,"-",76
"2025-11-24 18:35:33.876",IPv4,192.168.253.11,13.107.5.93,6,"-",40
"2025-11-24 18:35:33.899",IPv4,13.107.5.93,192.168.253.11,6,"-",40
"2025-11-24 18:35:33.953",IPv4,13.107.5.93,192.168.253.11,6,"-",40
"2025-11-24 18:35:34.003",IPv4,192.168.253.11,13.107.5.93,6,"-",40
"2025-11-24 18:35:34.048",IPv4,192.168.253.11,8.8.8.8,1,"type=8,code=0",84
"2025-11-24 18:35:34.067",IPv4,8.8.8.8,192.168.253.11,1,"type=0,code=0",84
"2025-11-24 18:35:35.014",IPv4,192.168.253.11,8.8.8.8,1,"type=8,code=0",84
"2025-11-24 18:35:35.032",IPv4,8.8.8.8,192.168.253.11,1,"type=0,code=0",84
"2025-11-24 18:35:36.016",IPv4,192.168.253.11,8.8.8.8,1,"type=8,code=0",84
"2025-11-24 18:35:36.035",IPv4,8.8.8.8,192.168.253.11,1,"type=0,code=0",84
"2025-11-24 18:35:37.018",IPv4,192.168.253.11,8.8.8.8,1,"type=8,code=0",84
"2025-11-24 18:35:37.039",IPv4,8.8.8.8,192.168.253.11,1,"type=0,code=0",84
"2025-11-24 18:35:38.020",IPv4,192.168.253.11,8.8.8.8,1,"type=8,code=0",84
"2025-11-24 18:35:38.039",IPv4,8.8.8.8,192.168.253.11,1,"type=0,code=0",84
"2025-11-24 18:35:39.022",IPv4,192.168.253.11,8.8.8.8,1,"type=8,code=0",84
"2025-11-24 18:35:39.041",IPv4,8.8.8.8,192.168.253.11,1,"type=0,code=0",84
"2025-11-24 18:35:40.025",IPv4,192.168.253.11,8.8.8.8,1,"type=8,code=0",84
"2025-11-24 18:35:40.046",IPv4,8.8.8.8,192.168.253.11,1,"type=0,code=0",84
"2025-11-24 18:35:41.026",IPv4,192.168.253.11,8.8.8.8,1,"type=8,code=0",84
"2025-11-24 18:35:41.045",IPv4,8.8.8.8,192.168.253.11,1,"type=0,code=0",84
"2025-11-24 18:35:42.029",IPv4,192.168.253.11,8.8.8.8,1,"type=8,code=0",84
"2025-11-24 18:35:42.048",IPv4,8.8.8.8,192.168.253.11,1,"type=0,code=0",84
"2025-11-24 18:35:43.030",IPv4,192.168.253.11,8.8.8.8,1,"type=8,code=0",84
"2025-11-24 18:35:43.050",IPv4,8.8.8.8,192.168.253.11,1,"type=0,code=0",84
"2025-11-24 18:35:44.033",IPv4,192.168.253.11,8.8.8.8,1,"type=8,code=0",84
"2025-11-24 18:35:44.052",IPv4,8.8.8.8,192.168.253.11,1,"type=0,code=0",84
"2025-11-24 18:35:45.034",IPv4,192.168.253.11,8.8.8.8,1,"type=8,code=0",84
"2025-11-24 18:35:45.063",IPv4,8.8.8.8,192.168.253.11,1,"type=0,code=0",84
"2025-11-24 18:35:46.036",IPv4,192.168.253.11,8.8.8.8,1,"type=8,code=0",84
"2025-11-24 18:35:46.078",IPv4,8.8.8.8,192.168.253.11,1,"type=0,code=0",84
"2025-11-24 18:35:47.037",IPv4,192.168.253.11,8.8.8.8,1,"type=8,code=0",84
"2025-11-24 18:35:47.113",IPv4,8.8.8.8,192.168.253.11,1,"type=0,code=0",84
"2025-11-24 18:35:48.039",IPv4,192.168.253.11,8.8.8.8,1,"type=8,code=0",84
"2025-11-24 18:35:48.138",IPv4,8.8.8.8,192.168.253.11,1,"type=0,code=0",84
"2025-11-24 18:35:49.039",IPv4,192.168.253.11,8.8.8.8,1,"type=8,code=0",84
"2025-11-24 18:35:49.057",IPv4,8.8.8.8,192.168.253.11,1,"type=0,code=0",84
"2025-11-24 18:35:50.040",IPv4,192.168.253.11,8.8.8.8,1,"type=8,code=0",84
"2025-11-24 18:35:50.060",IPv4,8.8.8.8,192.168.253.11,1,"type=0,code=0",84
"2025-11-24 18:35:51.043",IPv4,192.168.253.11,8.8.8.8,1,"type=8,code=0",84
"2025-11-24 18:35:51.068",IPv4,8.8.8.8,192.168.253.11,1,"type=0,code=0",84
"2025-11-24 18:35:52.044",IPv4,192.168.253.11,8.8.8.8,1,"type=8,code=0",84
"2025-11-24 18:35:52.065",IPv4,8.8.8.8,192.168.253.11,1,"type=0,code=0",84
"2025-11-24 18:35:53.045",IPv4,192.168.253.11,8.8.8.8,1,"type=8,code=0",84
"2025-11-24 18:35:53.064",IPv4,8.8.8.8,192.168.253.11,1,"type=0,code=0",84
"2025-11-24 18:35:54.047",IPv4,192.168.253.11,8.8.8.8,1,"type=8,code=0",84
"2025-11-24 18:35:54.065",IPv4,8.8.8.8,192.168.253.11,1,"type=0,code=0",84
"2025-11-24 18:35:55.048",IPv4,192.168.253.11,8.8.8.8,1,"type=8,code=0",84
"2025-11-24 18:35:55.071",IPv4,8.8.8.8,192.168.253.11,1,"type=0,code=0",84
"2025-11-24 18:35:56.051",IPv4,192.168.253.11,8.8.8.8,1,"type=8,code=0",84
"2025-11-24 18:35:56.069",IPv4,8.8.8.8,192.168.253.11,1,"type=0,code=0",84
"2025-11-24 18:35:57.052",IPv4,192.168.253.11,8.8.8.8,1,"type=8,code=0",84
"2025-11-24 18:35:57.070",IPv4,8.8.8.8,192.168.253.11,1,"type=0,code=0",84
"2025-11-24 18:36:07.913",IPv4,0.0.0.0,255.255.255.255,17,"-",328
"2025-11-24 18:36:10.989",IPv4,0.0.0.0,255.255.255.255,17,"-",328
"2025-11-24 18:36:14.164",IPv4,192.168.253.11,143.107.229.210,17,"-",76
"2025-11-24 18:36:14.190",IPv4,143.107.229.210,192.168.253.11,17,"-",76
"2025-11-24 18:36:16.773",IPv4,0.0.0.0,255.255.255.255,17,"-",328
"2025-11-24 18:36:18.161",IPv4,192.168.253.11,200.160.0.8,17,"-",76
"2025-11-24 18:36:18.180",IPv4,200.160.0.8,192.168.253.11,17,"-",76
"2025-11-24 18:36:19.161",IPv4,192.168.253.11,143.107.229.211,17,"-",76
"2025-11-24 18:36:19.188",IPv4,143.107.229.211,192.168.253.11,17,"-",76
"2025-11-24 18:36:22.161",IPv4,192.168.253.11,216.238.106.159,17,"-",76
"2025-11-24 18:36:22.186",IPv4,216.238.106.159,192.168.253.11,17,"-",76
"2025-11-24 18:36:25.161",IPv4,192.168.253.11,200.160.7.186,17,"-",76
"2025-11-24 18:36:25.182",IPv4,192.168.253.11,200.160.7.197,17,"-",76
"2025-11-24 18:36:25.245",IPv4,200.160.7.197,192.168.253.11,17,"-",76
"2025-11-24 18:36:25.296",IPv4,200.160.7.186,192.168.253.11,17,"-",76
"2025-11-24 18:36:29.162",IPv4,192.168.253.11,168.181.126.108,17,"-",76
"2025-11-24 18:36:29.195",IPv4,168.181.126.108,192.168.253.11,17,"-",76
"2025-11-24 18:36:38.162",IPv4,192.168.253.11,91.189.91.157,17,"-",76
"2025-11-24 18:36:38.310",IPv4,91.189.91.157,192.168.253.11,17,"-",76
"2025-11-24 18:36:38.757",IPv4,192.168.253.11,200.189.40.8,17,"-",76
"2025-11-24 18:36:38.817",IPv4,200.189.40.8,192.168.253.11,17,"-",76
"2025-11-24 18:36:38.829",IPv4,192.168.253.11,162.159.200.123,17,"-",76
"2025-11-24 18:36:38.898",IPv4,162.159.200.123,192.168.253.11,17,"-",76
"2025-11-24 18:36:38.930",IPv4,192.168.253.11,192.36.143.130,17,"-",76
"2025-11-24 18:36:39.061",IPv4,192.36.143.130,192.168.253.11,17,"-",76
"2025-11-24 18:36:39.072",IPv4,192.168.253.11,168.181.126.108,17,"-",76
"2025-11-24 18:36:39.104",IPv4,168.181.126.108,192.168.253.11,17,"-",76
"2025-11-24 18:36:56.156",IPv4,192.168.253.11,4.228.31.149,6,"-",60
"2025-11-24 18:36:56.180",IPv4,4.228.31.149,192.168.253.11,6,"-",60
"2025-11-24 18:36:56.226",IPv4,192.168.253.11,4.228.31.149,6,"-",52
"2025-11-24 18:36:56.279",IPv4,192.168.253.11,4.228.31.149,6,"-",1722
"2025-11-24 18:36:56.320",IPv4,4.228.31.149,192.168.253.11,6,"-",52
"2025-11-24 18:36:56.362",IPv4,4.228.31.149,192.168.253.11,6,"-",2900
"2025-11-24 18:36:56.391",IPv4,4.228.31.149,192.168.253.11,6,"-",684
"2025-11-24 18:36:56.422",IPv4,192.168.253.11,4.228.31.149,6,"-",52
"2025-11-24 18:36:56.457",IPv4,192.168.253.11,4.228.31.149,6,"-",52
"2025-11-24 18:36:56.495",IPv4,192.168.253.11,4.228.31.149,6,"-",1151
"2025-11-24 18:36:56.538",IPv4,4.228.31.149,192.168.253.11,6,"-",131
"2025-11-24 18:36:56.575",IPv4,4.228.31.149,192.168.253.11,6,"-",131
"2025-11-24 18:36:56.608",IPv4,192.168.253.11,4.228.31.149,6,"-",52
"2025-11-24 18:36:56.640",IPv4,4.228.31.149,192.168.253.11,6,"-",94
"2025-11-24 18:36:56.674",IPv4,4.228.31.149,192.168.253.11,6,"-",76
"2025-11-24 18:36:56.710",IPv4,192.168.253.11,4.228.31.149,6,"-",64
"2025-11-24 18:36:56.749",IPv4,192.168.253.11,4.228.31.149,6,"-",64
"2025-11-24 18:36:56.789",IPv4,4.228.31.149,192.168.253.11,6,"-",1476
"2025-11-24 18:36:56.829",IPv4,4.228.31.149,192.168.253.11,6,"-",52
"2025-11-24 18:36:56.870",IPv4,192.168.253.11,4.228.31.149,6,"-",52
"2025-11-24 18:36:56.912",IPv4,192.168.253.11,4.228.31.149,6,"-",76
"2025-11-24 18:36:56.953",IPv4,192.168.253.11,4.228.31.149,6,"-",52
"2025-11-24 18:36:56.992",IPv4,4.228.31.149,192.168.253.11,6,"-",40
"2025-11-24 18:36:57.031",IPv4,4.228.31.149,192.168.253.11,6,"-",40
"2025-11-24 18:37:20.161",IPv4,192.168.253.11,143.107.229.210,17,"-",76
"2025-11-24 18:37:20.188",IPv4,143.107.229.210,192.168.253.11,17,"-",76
"2025-11-24 18:37:24.163",IPv4,192.168.253.11,200.160.0.8,17,"-",76
"2025-11-24 18:37:24.186",IPv4,192.168.253.11,143.107.229.211,17,"-",76
"2025-11-24 18:37:24.238",IPv4,200.160.0.8,192.168.253.11,17,"-",76
"2025-11-24 18:37:24.281",IPv4,143.107.229.211,192.168.253.11,17,"-",76
"2025-11-24 18:37:26.161",IPv4,192.168.253.11,216.238.106.159,17,"-",76
"2025-11-24 18:37:26.191",IPv4,216.238.106.159,192.168.253.11,17,"-",76
"2025-11-24 18:37:31.161",IPv4,192.168.253.11,200.160.7.186,17,"-",76
"2025-11-24 18:37:31.199",IPv4,192.168.253.11,200.160.7.197,17,"-",76
"2025-11-24 18:37:31.246",IPv4,200.160.7.197,192.168.253.11,17,"-",76
"2025-11-24 18:37:31.279",IPv4,200.160.7.186,192.168.253.11,17,"-",76
"2025-11-24 18:37:35.162",IPv4,192.168.253.11,168.181.126.108,17,"-",76
"2025-11-24 18:37:35.195",IPv4,168.181.126.108,192.168.253.11,17,"-",76
"2025-11-24 18:37:43.161",IPv4,192.168.253.11,91.189.91.157,17,"-",76
"2025-11-24 18:37:43.311",IPv4,91.189.91.157,192.168.253.11,17,"-",76
"2025-11-24 18:37:52.572",IPv4,192.168.253.11,140.82.114.22,6,"-",60
"2025-11-24 18:37:52.726",IPv4,140.82.114.22,192.168.253.11,6,"-",60
"2025-11-24 18:37:52.743",IPv4,192.168.253.11,140.82.114.22,6,"-",52
"2025-11-24 18:37:52.775",IPv4,192.168.253.11,140.82.114.22,6,"-",1668
"2025-11-24 18:37:52.882",IPv4,140.82.114.22,192.168.253.11,6,"-",52
"2025-11-24 18:37:52.905",IPv4,140.82.114.22,192.168.253.11,6,"-",1476
"2025-11-24 18:37:52.956",IPv4,140.82.114.22,192.168.253.11,6,"-",1300
"2025-11-24 18:37:52.999",IPv4,140.82.114.22,192.168.253.11,6,"-",1476
"2025-11-24 18:37:53.042",IPv4,192.168.253.11,140.82.114.22,6,"-",52
"2025-11-24 18:37:53.089",IPv4,192.168.253.11,140.82.114.22,6,"-",64
"2025-11-24 18:37:53.130",IPv4,192.168.253.11,140.82.114.22,6,"-",52
"2025-11-24 18:37:53.174",IPv4,140.82.114.22,192.168.253.11,6,"-",2021
"2025-11-24 18:37:53.217",IPv4,192.168.253.11,140.82.114.22,6,"-",52
"2025-11-24 18:37:53.254",IPv4,192.168.253.11,140.82.114.22,6,"-",116
"2025-11-24 18:37:53.285",IPv4,192.168.253.11,140.82.114.22,6,"-",356
"2025-11-24 18:37:53.302",IPv4,140.82.114.22,192.168.253.11,6,"-",210
"2025-11-24 18:37:53.328",IPv4,140.82.114.22,192.168.253.11,6,"-",116
"2025-11-24 18:37:53.364",IPv4,192.168.253.11,140.82.114.22,6,"-",52
"2025-11-24 18:37:53.402",IPv4,192.168.253.11,140.82.114.22,6,"-",83
"2025-11-24 18:37:53.444",IPv4,140.82.114.22,192.168.253.11,6,"-",339
"2025-11-24 18:37:53.492",IPv4,192.168.253.11,140.82.114.22,6,"-",52
"2025-11-24 18:38:49.192",IPv4,192.168.253.11,91.189.91.157,17,"-",76
"2025-11-24 18:38:49.311",IPv4,91.189.91.157,192.168.253.11,17,"-",76
"2025-11-24 18:38:53.490",IPv4,192.168.253.11,140.82.114.22,6,"-",52
"2025-11-24 18:38:53.644",IPv4,140.82.114.22,192.168.253.11,6,"-",52
"2025-11-24 18:38:56.557",IPv4,192.168.253.11,4.228.31.149,6,"-",60
"2025-11-24 18:38:56.584",IPv4,4.228.31.149,192.168.253.11,6,"-",60
"2025-11-24 18:38:56.635",IPv4,192.168.253.11,4.228.31.149,6,"-",52
"2025-11-24 18:38:56.682",IPv4,192.168.253.11,4.228.31.149,6,"-",1722
"2025-11-24 18:38:56.725",IPv4,4.228.31.149,192.168.253.11,6,"-",52
"2025-11-24 18:38:56.769",IPv4,4.228.31.149,192.168.253.11,6,"-",2900
"2025-11-24 18:38:56.811",IPv4,4.228.31.149,192.168.253.11,6,"-",685
"2025-11-24 18:38:56.855",IPv4,192.168.253.11,4.228.31.149,6,"-",52
"2025-11-24 18:38:56.893",IPv4,192.168.253.11,4.228.31.149,6,"-",52
"2025-11-24 18:38:56.935",IPv4,192.168.253.11,4.228.31.149,6,"-",1151
"2025-11-24 18:38:56.976",IPv4,4.228.31.149,192.168.253.11,6,"-",131
"2025-11-24 18:38:57.020",IPv4,4.228.31.149,192.168.253.11,6,"-",131
"2025-11-24 18:38:57.064",IPv4,192.168.253.11,4.228.31.149,6,"-",52
"2025-11-24 18:38:57.106",IPv4,4.228.31.149,192.168.253.11,6,"-",1517
"2025-11-24 18:38:57.145",IPv4,4.228.31.149,192.168.253.11,6,"-",76
"2025-11-24 18:38:57.187",IPv4,4.228.31.149,192.168.253.11,6,"-",52
"2025-11-24 18:38:57.228",IPv4,192.168.253.11,4.228.31.149,6,"-",52
"2025-11-24 18:38:57.275",IPv4,192.168.253.11,4.228.31.149,6,"-",76
"2025-11-24 18:38:57.322",IPv4,192.168.253.11,4.228.31.149,6,"-",52
"2025-11-24 18:38:57.369",IPv4,4.228.31.149,192.168.253.11,6,"-",40
"2025-11-24 18:38:57.414",IPv4,4.228.31.149,192.168.253.11,6,"-",40
"2025-11-24 18:39:35.161",IPv4,192.168.253.11,200.160.0.8,17,"-",76
"2025-11-24 18:39:35.187",IPv4,200.160.0.8,192.168.253.11,17,"-",76
"2025-11-24 18:39:36.161",IPv4,192.168.253.11,143.107.229.211,17,"-",76
"2025-11-24 18:39:36.178",IPv4,192.168.253.11,143.107.229.210,17,"-",76
"2025-11-24 18:39:36.214",IPv4,143.107.229.211,192.168.253.11,17,"-",76
"2025-11-24 18:39:36.247",IPv4,143.107.229.210,192.168.253.11,17,"-",76
"2025-11-24 18:39:39.161",IPv4,192.168.253.11,216.238.106.159,17,"-",76
"2025-11-24 18:39:39.195",IPv4,216.238.106.159,192.168.253.11,17,"-",76
"2025-11-24 18:39:41.161",IPv4,192.168.253.11,200.160.7.197,17,"-",76
"2025-11-24 18:39:41.188",IPv4,200.160.7.197,192.168.253.11,17,"-",76
"2025-11-24 18:39:42.161",IPv4,192.168.253.11,200.160.7.186,17,"-",76
"2025-11-24 18:39:42.182",IPv4,200.160.7.186,192.168.253.11,17,"-",76
"2025-11-24 18:39:43.162",IPv4,192.168.253.11,168.181.126.108,17,"-",76
"2025-11-24 18:39:43.197",IPv4,168.181.126.108,192.168.253.11,17,"-",76
"2025-11-24 18:39:53.161",IPv4,192.168.253.11,91.189.91.157,17,"-",76
"2025-11-24 18:39:53.242",IPv4,140.82.114.22,192.168.253.11,6,"-",91
"2025-11-24 18:39:53.258",IPv4,192.168.253.11,140.82.114.22,6,"-",52
"2025-11-24 18:39:53.291",IPv4,192.168.253.11,140.82.114.22,6,"-",52
"2025-11-24 18:39:53.320",IPv4,91.189.91.157,192.168.253.11,17,"-",76
"2025-11-24 18:39:53.397",IPv4,140.82.114.22,192.168.253.11,6,"-",76
"2025-11-24 18:39:53.409",IPv4,140.82.114.22,192.168.253.11,6,"-",52
"2025-11-24 18:39:53.441",IPv4,192.168.253.11,140.82.114.22,6,"-",40
"2025-11-24 18:39:53.483",IPv4,192.168.253.11,140.82.114.22,6,"-",40
"2025-11-24 18:40:40.163",IPv4,192.168.253.11,200.160.0.8,17,"-",76
"2025-11-24 18:40:40.187",IPv4,192.168.253.11,143.107.229.211,17,"-",76
"2025-11-24 18:40:40.230",IPv4,192.168.253.11,143.107.229.210,17,"-",76
"2025-11-24 18:40:40.264",IPv4,200.160.0.8,192.168.253.11,17,"-",76
"2025-11-24 18:40:40.303",IPv4,143.107.229.210,192.168.253.11,17,"-",76
"2025-11-24 18:40:40.338",IPv4,143.107.229.211,192.168.253.11,17,"-",76
"2025-11-24 18:40:45.161",IPv4,192.168.253.11,200.160.7.197,17,"-",76
"2025-11-24 18:40:45.194",IPv4,192.168.253.11,216.238.106.159,17,"-",76
"2025-11-24 18:40:45.246",IPv4,200.160.7.197,192.168.253.11,17,"-",76
"2025-11-24 18:40:45.290",IPv4,216.238.106.159,192.168.253.11,17,"-",76
"2025-11-24 18:40:47.161",IPv4,192.168.253.11,168.181.126.108,17,"-",76
"2025-11-24 18:40:47.185",IPv4,192.168.253.11,200.160.7.186,17,"-",76
"2025-11-24 18:40:47.291",IPv4,200.160.7.186,192.168.253.11,17,"-",76
"2025-11-24 18:40:47.326",IPv4,168.181.126.108,192.168.253.11,17,"-",76
"2025-11-24 18:40:56.951",IPv4,192.168.253.11,4.228.31.149,6,"-",60
"2025-11-24 18:40:56.975",IPv4,4.228.31.149,192.168.253.11,6,"-",60
"2025-11-24 18:40:57.018",IPv4,192.168.253.11,4.228.31.149,6,"-",52
"2025-11-24 18:40:57.046",IPv4,192.168.253.11,4.228.31.149,6,"-",1722
"2025-11-24 18:40:57.076",IPv4,4.228.31.149,192.168.253.11,6,"-",52
"2025-11-24 18:40:57.107",IPv4,4.228.31.149,192.168.253.11,6,"-",2900
"2025-11-24 18:40:57.143",IPv4,4.228.31.149,192.168.253.11,6,"-",685
"2025-11-24 18:40:57.176",IPv4,192.168.253.11,4.228.31.149,6,"-",52
"2025-11-24 18:40:57.207",IPv4,192.168.253.11,4.228.31.149,6,"-",52
"2025-11-24 18:40:57.235",IPv4,192.168.253.11,4.228.31.149,6,"-",1151
"2025-11-24 18:40:57.265",IPv4,4.228.31.149,192.168.253.11,6,"-",210
"2025-11-24 18:40:57.295",IPv4,192.168.253.11,4.228.31.149,6,"-",52
"2025-11-24 18:40:57.331",IPv4,4.228.31.149,192.168.253.11,6,"-",131
"2025-11-24 18:40:57.359",IPv4,192.168.253.11,4.228.31.149,6,"-",64
"2025-11-24 18:40:57.393",IPv4,192.168.253.11,91.189.91.157,17,"-",76
"2025-11-24 18:40:57.427",IPv4,4.228.31.149,192.168.253.11,6,"-",1517
"2025-11-24 18:40:57.460",IPv4,4.228.31.149,192.168.253.11,6,"-",76
"2025-11-24 18:40:57.491",IPv4,4.228.31.149,192.168.253.11,6,"-",52
"2025-11-24 18:40:57.523",IPv4,192.168.253.11,4.228.31.149,6,"-",52
"2025-11-24 18:40:57.558",IPv4,192.168.253.11,4.228.31.149,6,"-",52
"2025-11-24 18:40:57.597",IPv4,192.168.253.11,4.228.31.149,6,"-",76
"2025-11-24 18:40:57.636",IPv4,192.168.253.11,4.228.31.149,6,"-",52
"2025-11-24 18:40:57.678",IPv4,91.189.91.157,192.168.253.11,17,"-",76
"2025-11-24 18:40:57.719",IPv4,4.228.31.149,192.168.253.11,6,"-",40
"2025-11-24 18:40:57.763",IPv4,4.228.31.149,192.168.253.11,6,"-",40
"2025-11-24 18:41:44.161",IPv4,192.168.253.11,143.107.229.210,17,"-",76
"2025-11-24 18:41:44.193",IPv4,143.107.229.210,192.168.253.11,17,"-",76
"2025-11-24 18:41:45.162",IPv4,192.168.253.11,200.160.0.8,17,"-",76
"2025-11-24 18:41:45.187",IPv4,200.160.0.8,192.168.253.11,17,"-",76
"2025-11-24 18:41:47.162",IPv4,192.168.253.11,143.107.229.211,17,"-",76
"2025-11-24 18:41:47.188",IPv4,143.107.229.211,192.168.253.11,17,"-",76
"2025-11-24 18:41:49.162",IPv4,192.168.253.11,200.160.7.197,17,"-",76
"2025-11-24 18:41:49.188",IPv4,200.160.7.197,192.168.253.11,17,"-",76
"2025-11-24 18:41:51.161",IPv4,192.168.253.11,216.238.106.159,17,"-",76
"2025-11-24 18:41:51.188",IPv4,216.238.106.159,192.168.253.11,17,"-",76
"2025-11-24 18:41:52.161",IPv4,192.168.253.11,200.160.7.186,17,"-",76
"2025-11-24 18:41:52.190",IPv4,200.160.7.186,192.168.253.11,17,"-",76
"2025-11-24 18:41:54.161",IPv4,192.168.253.11,168.181.126.108,17,"-",76
"2025-11-24 18:41:54.194",IPv4,168.181.126.108,192.168.253.11,17,"-",76
"2025-11-24 18:42:01.161",IPv4,192.168.253.11,91.189.91.157,17,"-",76
"2025-11-24 18:42:01.313",IPv4,91.189.91.157,192.168.253.11,17,"-",76
"2025-11-24 18:42:49.161",IPv4,192.168.253.11,143.107.229.210,17,"-",76
"2025-11-24 18:42:49.187",IPv4,143.107.229.210,192.168.253.11,17,"-",76
"2025-11-24 18:42:52.162",IPv4,192.168.253.11,200.160.0.8,17,"-",76
"2025-11-24 18:42:52.193",IPv4,200.160.0.8,192.168.253.11,17,"-",76
"2025-11-24 18:42:52.615",IPv4,192.168.253.11,140.82.112.22,6,"-",60
"2025-11-24 18:42:52.771",IPv4,140.82.112.22,192.168.253.11,6,"-",60
"2025-11-24 18:42:52.795",IPv4,192.168.253.11,140.82.112.22,6,"-",52
"2025-11-24 18:42:52.849",IPv4,192.168.253.11,140.82.112.22,6,"-",1747
"2025-11-24 18:42:52.925",IPv4,140.82.112.22,192.168.253.11,6,"-",52
"2025-11-24 18:42:52.954",IPv4,140.82.112.22,192.168.253.11,6,"-",1476
"2025-11-24 18:42:52.993",IPv4,140.82.112.22,192.168.253.11,6,"-",1300
"2025-11-24 18:42:53.020",IPv4,140.82.112.22,192.168.253.11,6,"-",1476
"2025-11-24 18:42:53.053",IPv4,192.168.253.11,140.82.112.22,6,"-",52
"2025-11-24 18:42:53.085",IPv4,192.168.253.11,140.82.112.22,6,"-",64
"2025-11-24 18:42:53.116",IPv4,192.168.253.11,140.82.112.22,6,"-",52
"2025-11-24 18:42:53.153",IPv4,140.82.112.22,192.168.253.11,6,"-",2021
"2025-11-24 18:42:53.190",IPv4,192.168.253.11,140.82.112.22,6,"-",52
"2025-11-24 18:42:53.220",IPv4,192.168.253.11,140.82.112.22,6,"-",116
"2025-11-24 18:42:53.252",IPv4,192.168.253.11,140.82.112.22,6,"-",356
"2025-11-24 18:42:53.291",IPv4,140.82.112.22,192.168.253.11,6,"-",131
"2025-11-24 18:42:53.324",IPv4,140.82.112.22,192.168.253.11,6,"-",131
"2025-11-24 18:42:53.360",IPv4,140.82.112.22,192.168.253.11,6,"-",116
"2025-11-24 18:42:53.399",IPv4,192.168.253.11,140.82.112.22,6,"-",52
"2025-11-24 18:42:53.438",IPv4,192.168.253.11,140.82.112.22,6,"-",83
"2025-11-24 18:42:53.471",IPv4,192.168.253.11,143.107.229.211,17,"-",76
"2025-11-24 18:42:53.507",IPv4,143.107.229.211,192.168.253.11,17,"-",76
"2025-11-24 18:42:53.543",IPv4,140.82.112.22,192.168.253.11,6,"-",52
"2025-11-24 18:42:53.582",IPv4,140.82.112.22,192.168.253.11,6,"-",339
"2025-11-24 18:42:53.626",IPv4,192.168.253.11,140.82.112.22,6,"-",52
"2025-11-24 18:42:55.161",IPv4,192.168.253.11,200.160.7.197,17,"-",76
"2025-11-24 18:42:55.187",IPv4,200.160.7.197,192.168.253.11,17,"-",76
