timestamp,protocolo,ip_origem,porta_origem,ip_destino,porta_destino,tamanho_bytes
"2025-11-24 18:08:27.177",UDP,192.168.253.11,123,168.181.126.108,123,76
"2025-11-24 18:08:27.232",UDP,168.181.126.108,123,192.168.253.11,123,76
"2025-11-24 18:08:33.156",TCP,192.168.253.11,54806,4.228.31.149,443,60
"2025-11-24 18:08:33.193",TCP,4.228.31.149,443,192.168.253.11,54806,60
"2025-11-24 18:08:33.242",TCP,192.168.253.11,54806,4.228.31.149,443,52
"2025-11-24 18:08:33.271",TCP,192.168.253.11,54806,4.228.31.149,443,1722
"2025-11-24 18:08:33.297",TCP,192.168.253.11,54806,4.228.31.149,443,298
"2025-11-24 18:08:33.327",TCP,4.228.31.149,443,192.168.253.11,54806,52
"2025-11-24 18:08:33.358",TCP,4.228.31.149,443,192.168.253.11,54806,2900
"2025-11-24 18:08:33.392",TCP,4.228.31.149,443,192.168.253.11,54806,684
"2025-11-24 18:08:33.427",TCP,192.168.253.11,54806,4.228.31.149,443,52
"2025-11-24 18:08:33.465",TCP,192.168.253.11,54806,4.228.31.149,443,52
"2025-11-24 18:08:33.500",TCP,192.168.253.11,54806,4.228.31.149,443,1151
"2025-11-24 18:08:33.528",TCP,4.228.31.149,443,192.168.253.11,54806,64
"2025-11-24 18:08:33.559",TCP,4.228.31.149,443,192.168.253.11,54806,52
"2025-11-24 18:08:33.587",TCP,4.228.31.149,443,192.168.253.11,54806,210
"2025-11-24 18:08:33.621",TCP,192.168.253.11,54806,4.228.31.149,443,52
"2025-11-24 18:08:33.660",TCP,4.228.31.149,443,192.168.253.11,54806,1519
"2025-11-24 18:08:33.701",TCP,4.228.31.149,443,192.168.253.11,54806,76
"2025-11-24 18:08:33.738",TCP,4.228.31.149,443,192.168.253.11,54806,52
"2025-11-24 18:08:33.777",TCP,192.168.253.11,54806,4.228.31.149,443,52
"2025-11-24 18:08:33.807",TCP,192.168.253.11,54806,4.228.31.149,443,52
"2025-11-24 18:08:33.838",TCP,192.168.253.11,54806,4.228.31.149,443,76
"2025-11-24 18:08:33.878",TCP,192.168.253.11,54806,4.228.31.149,443,52
"2025-11-24 18:08:33.940",TCP,4.228.31.149,443,192.168.253.11,54806,40
"2025-11-24 18:08:34.066",TCP,4.228.31.149,443,192.168.253.11,54806,40
"2025-11-24 18:08:35.202",-,fe80:0:0:0:802b:566d:cd1c:e958,-,ff02:0:0:0:0:0:0:16,-,76
"2025-11-24 18:08:35.212",-,192.168.240.1,-,224.0.0.22,-,40
"2025-11-24 18:08:35.238",-,fe80:0:0:0:802b:566d:cd1c:e958,-,ff02:0:0:0:0:0:0:16,-,76
"2025-11-24 18:08:35.270",-,192.168.240.1,-,224.0.0.22,-,40
"2025-11-24 18:08:35.427",UDP,192.168.240.1,59271,239.255.255.250,1900,165
"2025-11-24 18:08:35.457",UDP,192.168.240.1,59271,239.255.255.250,1900,165
"2025-11-24 18:08:35.677",-,192.168.240.1,-,224.0.0.22,-,40
"2025-11-24 18:08:35.688",-,fe80:0:0:0:802b:566d:cd1c:e958,-,ff02:0:0:0:0:0:0:16,-,76
"2025-11-24 18:08:38.460",UDP,192.168.240.1,59271,239.255.255.250,1900,165
"2025-11-24 18:08:38.491",UDP,192.168.240.1,59271,239.255.255.250,1900,165
"2025-11-24 18:08:41.727",UDP,192.168.240.1,5353,224.0.0.251,5353,68
"2025-11-24 18:08:41.766",UDP,fe80:0:0:0:802b:566d:cd1c:e958,5353,ff02:0:0:0:0:0:0:fb,5353,88
"2025-11-24 18:08:41.821",UDP,192.168.240.1,5353,224.0.0.251,5353,68
"2025-11-24 18:08:41.848",UDP,fe80:0:0:0:802b:566d:cd1c:e958,5353,ff02:0:0:0:0:0:0:fb,5353,88
"2025-11-24 18:08:42.731",UDP,192.168.240.1,5353,224.0.0.251,5353,68
"2025-11-24 18:08:42.754",UDP,fe80:0:0:0:802b:566d:cd1c:e958,5353,ff02:0:0:0:0:0:0:fb,5353,88
"2025-11-24 18:08:42.799",UDP,192.168.240.1,5353,224.0.0.251,5353,68
"2025-11-24 18:08:42.843",UDP,fe80:0:0:0:802b:566d:cd1c:e958,5353,ff02:0:0:0:0:0:0:fb,5353,88
"2025-11-24 18:08:44.747",UDP,192.168.240.1,5353,224.0.0.251,5353,68
"2025-11-24 18:08:44.765",UDP,fe80:0:0:0:802b:566d:cd1c:e958,5353,ff02:0:0:0:0:0:0:fb,5353,88
"2025-11-24 18:08:44.813",UDP,192.168.240.1,5353,224.0.0.251,5353,68
"2025-11-24 18:08:44.864",UDP,fe80:0:0:0:802b:566d:cd1c:e958,5353,ff02:0:0:0:0:0:0:fb,5353,88
"2025-11-24 18:08:53.367",TCP,192.168.253.11,43412,140.82.112.21,443,52
"2025-11-24 18:08:53.520",TCP,140.82.112.21,443,192.168.253.11,43412,52
"2025-11-24 18:09:10.612",ICMP,192.168.253.11,-,8.8.8.8,-,84
"2025-11-24 18:09:10.639",ICMP,8.8.8.8,-,192.168.253.11,-,84
"2025-11-24 18:09:11.614",ICMP,192.168.253.11,-,8.8.8.8,-,84
"2025-11-24 18:09:11.634",ICMP,8.8.8.8,-,192.168.253.11,-,84
"2025-11-24 18:09:12.162",UDP,192.168.253.11,123,143.107.229.211,123,76
"2025-11-24 18:09:12.190",UDP,143.107.229.211,123,192.168.253.11,123,76
"2025-11-24 18:09:12.616",ICMP,192.168.253.11,-,8.8.8.8,-,84
"2025-11-24 18:09:12.640",ICMP,8.8.8.8,-,192.168.253.11,-,84
"2025-11-24 18:09:13.618",ICMP,192.168.253.11,-,8.8.8.8,-,84
"2025-11-24 18:09:13.639",ICMP,8.8.8.8,-,192.168.253.11,-,84
"2025-11-24 18:09:14.620",ICMP,192.168.253.11,-,8.8.8.8,-,84
"2025-11-24 18:09:14.640",ICMP,8.8.8.8,-,192.168.253.11,-,84
"2025-11-24 18:09:15.161",UDP,192.168.253.11,123,143.107.229.210,123,76
"2025-11-24 18:09:15.188",UDP,143.107.229.210,123,192.168.253.11,123,76
"2025-11-24 18:09:15.622",ICMP,192.168.253.11,-,8.8.8.8,-,84
"2025-11-24 18:09:15.644",ICMP,8.8.8.8,-,192.168.253.11,-,84
"2025-11-24 18:09:17.161",UDP,192.168.253.11,123,200.160.0.8,123,76
"2025-11-24 18:09:17.187",UDP,200.160.0.8,123,192.168.253.11,123,76
"2025-11-24 18:09:18.161",UDP,192.168.253.11,123,216.238.106.159,123,76
"2025-11-24 18:09:18.194",UDP,216.238.106.159,123,192.168.253.11,123,76
"2025-11-24 18:09:22.161",UDP,192.168.253.11,123,200.160.7.186,123,76
"2025-11-24 18:09:22.188",UDP,200.160.7.186,123,192.168.253.11,123,76
"2025-11-24 18:09:26.162",UDP,192.168.253.11,123,91.189.91.157,123,76
"2025-11-24 18:09:26.319",UDP,91.189.91.157,123,192.168.253.11,123,76
"2025-11-24 18:09:28.162",UDP,192.168.253.11,123,200.160.7.197,123,76
"2025-11-24 18:09:28.194",UDP,200.160.7.197,123,192.168.253.11,123,76
"2025-11-24 18:09:36.162",UDP,192.168.253.11,123,168.181.126.108,123,76
"2025-11-24 18:09:36.198",UDP,168.181.126.108,123,192.168.253.11,123,76
"2025-11-24 18:09:40.083",UDP,192.168.253.11,44456,200.160.7.186,123,76
"2025-11-24 18:09:40.115",UDP,200.160.7.186,123,192.168.253.11,44456,76
"2025-11-24 18:09:40.171",UDP,192.168.253.11,41209,192.36.143.130,123,76
"2025-11-24 18:09:40.355",UDP,192.36.143.130,123,192.168.253.11,41209,76
"2025-11-24 18:09:40.371",UDP,192.168.253.11,35551,200.192.232.8,123,76
"2025-11-24 18:09:40.422",UDP,200.192.232.8,123,192.168.253.11,35551,76
"2025-11-24 18:09:40.435",UDP,192.168.253.11,39779,200.160.7.196,123,76
"2025-11-24 18:09:40.468",UDP,200.160.7.196,123,192.168.253.11,39779,76
"2025-11-24 18:09:47.996",UDP,192.168.253.11,56542,192.36.143.130,123,76
"2025-11-24 18:09:48.242",UDP,192.36.143.130,123,192.168.253.11,56542,76
"2025-11-24 18:09:48.254",UDP,192.168.253.11,39917,200.192.232.8,123,76
"2025-11-24 18:09:48.286",UDP,200.192.232.8,123,192.168.253.11,39917,76
"2025-11-24 18:09:48.319",UDP,192.168.253.11,50150,200.160.7.196,123,76
"2025-11-24 18:09:48.349",UDP,200.160.7.196,123,192.168.253.11,50150,76
"2025-11-24 18:09:48.380",UDP,192.168.253.11,60893,200.160.7.186,123,76
"2025-11-24 18:09:48.408",UDP,200.160.7.186,123,192.168.253.11,60893,76
"2025-11-24 18:09:53.363",TCP,140.82.112.21,443,192.168.253.11,43412,91
"2025-11-24 18:09:53.393",TCP,192.168.253.11,43412,140.82.112.21,443,52
"2025-11-24 18:09:53.455",TCP,192.168.253.11,43412,140.82.112.21,443,52
"2025-11-24 18:09:53.517",TCP,140.82.112.21,443,192.168.253.11,43412,76
"2025-11-24 18:09:53.530",TCP,140.82.112.21,443,192.168.253.11,43412,52
"2025-11-24 18:09:53.565",TCP,192.168.253.11,43412,140.82.112.21,443,40
"2025-11-24 18:09:53.605",TCP,192.168.253.11,43412,140.82.112.21,443,40
"2025-11-24 18:09:57.052",TCP,192.168.253.11,51012,140.82.114.21,443,60
"2025-11-24 18:09:57.204",TCP,140.82.114.21,443,192.168.253.11,51012,60
"2025-11-24 18:09:57.229",TCP,192.168.253.11,51012,140.82.114.21,443,52
"2025-11-24 18:09:57.262",TCP,192.168.253.11,51012,140.82.114.21,443,1746
"2025-11-24 18:09:57.359",TCP,140.82.114.21,443,192.168.253.11,51012,52
"2025-11-24 18:09:57.380",TCP,140.82.114.21,443,192.168.253.11,51012,2900
"2025-11-24 18:09:57.423",TCP,140.82.114.21,443,192.168.253.11,51012,1300
"2025-11-24 18:09:57.469",TCP,192.168.253.11,51012,140.82.114.21,443,52
"2025-11-24 18:09:57.514",TCP,192.168.253.11,51012,140.82.114.21,443,52
"2025-11-24 18:09:57.549",TCP,140.82.114.21,443,192.168.253.11,51012,1634
"2025-11-24 18:09:57.584",TCP,192.168.253.11,51012,140.82.114.21,443,52
"2025-11-24 18:09:57.631",TCP,192.168.253.11,51012,140.82.114.21,443,2662
"2025-11-24 18:09:57.673",TCP,140.82.114.21,443,192.168.253.11,51012,210
"2025-11-24 18:09:57.712",TCP,140.82.114.21,443,192.168.253.11,51012,52
"2025-11-24 18:09:57.753",TCP,192.168.253.11,51012,140.82.114.21,443,52
"2025-11-24 18:09:57.827",TCP,140.82.114.21,443,192.168.253.11,51012,637
"2025-11-24 18:09:57.853",TCP,140.82.114.21,443,192.168.253.11,51012,76
"2025-11-24 18:09:57.899",TCP,192.168.253.11,51012,140.82.114.21,443,52
"2025-11-24 18:09:57.941",TCP,192.168.253.11,51012,140.82.114.21,443,76
"2025-11-24 18:09:57.988",TCP,192.168.253.11,51012,140.82.114.21,443,52
"2025-11-24 18:09:58.018",TCP,140.82.114.21,443,192.168.253.11,51012,40
"2025-11-24 18:09:58.054",TCP,140.82.114.21,443,192.168.253.11,51012,40
"2025-11-24 18:10:13.059",TCP,192.168.253.11,48864,140.82.114.21,443,60
"2025-11-24 18:10:13.267",TCP,140.82.114.21,443,192.168.253.11,48864,60
"2025-11-24 18:10:13.285",TCP,192.168.253.11,48864,140.82.114.21,443,52
"2025-11-24 18:10:13.335",TCP,192.168.253.11,48864,140.82.114.21,443,1746
"2025-11-24 18:10:13.472",TCP,140.82.114.21,443,192.168.253.11,48864,52
"2025-11-24 18:10:13.499",TCP,140.82.114.21,443,192.168.253.11,48864,1476
"2025-11-24 18:10:13.542",TCP,140.82.114.21,443,192.168.253.11,48864,1300
"2025-11-24 18:10:13.591",TCP,140.82.114.21,443,192.168.253.11,48864,1476
"2025-11-24 18:10:13.627",TCP,192.168.253.11,48864,140.82.114.21,443,52
"2025-11-24 18:10:13.664",TCP,192.168.253.11,48864,140.82.114.21,443,64
"2025-11-24 18:10:13.704",TCP,192.168.253.11,48864,140.82.114.21,443,52
"2025-11-24 18:10:13.748",TCP,140.82.114.21,443,192.168.253.11,48864,1634
"2025-11-24 18:10:13.788",TCP,192.168.253.11,48864,140.82.114.21,443,52
"2025-11-24 18:10:13.829",TCP,192.168.253.11,48864,140.82.114.21,443,2900
"2025-11-24 18:10:13.869",TCP,192.168.253.11,48864,140.82.114.21,443,170
"2025-11-24 18:10:13.902",TCP,140.82.114.21,443,192.168.253.11,48864,52
"2025-11-24 18:10:13.943",TCP,140.82.114.21,443,192.168.253.11,48864,131
"2025-11-24 18:10:13.986",TCP,140.82.114.21,443,192.168.253.11,48864,131
"2025-11-24 18:10:14.024",TCP,192.168.253.11,48864,140.82.114.21,443,52
"2025-11-24 18:10:14.092",TCP,140.82.114.21,443,192.168.253.11,48864,636
"2025-11-24 18:10:14.109",TCP,140.82.114.21,443,192.168.253.11,48864,76
"2025-11-24 18:10:14.153",TCP,140.82.114.21,443,192.168.253.11,48864,52
"2025-11-24 18:10:14.190",TCP,192.168.253.11,48864,140.82.114.21,443,52
"2025-11-24 18:10:14.226",TCP,192.168.253.11,48864,140.82.114.21,443,76
"2025-11-24 18:10:14.261",TCP,192.168.253.11,48864,140.82.114.21,443,52
"2025-11-24 18:10:14.299",TCP,140.82.114.21,443,192.168.253.11,48864,40
"2025-11-24 18:10:16.647",TCP,192.168.253.11,50268,142.251.134.46,80,60
"2025-11-24 18:10:16.681",TCP,142.251.134.46,80,192.168.253.11,50268,60
"2025-11-24 18:10:16.736",TCP,192.168.253.11,50268,142.251.134.46,80,52
"2025-11-24 18:10:16.788",TCP,192.168.253.11,50268,142.251.134.46,80,125
"2025-11-24 18:10:16.822",TCP,142.251.134.46,80,192.168.253.11,50268,52
"2025-11-24 18:10:16.854",TCP,142.251.134.46,80,192.168.253.11,50268,825
"2025-11-24 18:10:16.898",TCP,192.168.253.11,50268,142.251.134.46,80,52
"2025-11-24 18:10:16.942",TCP,192.168.253.11,50268,142.251.134.46,80,52
"2025-11-24 18:10:16.990",TCP,142.251.134.46,80,192.168.253.11,50268,52
"2025-11-24 18:10:17.037",TCP,192.168.253.11,50268,142.251.134.46,80,52
"2025-11-24 18:10:21.162",UDP,192.168.253.11,123,143.107.229.211,123,76
"2025-11-24 18:10:21.189",UDP,143.107.229.211,123,192.168.253.11,123,76
"2025-11-24 18:10:23.161",UDP,192.168.253.11,123,200.160.0.8,123,76
"2025-11-24 18:10:23.184",UDP,192.168.253.11,123,143.107.229.210,123,76
"2025-11-24 18:10:23.226",UDP,200.160.0.8,123,192.168.253.11,123,76
"2025-11-24 18:10:23.269",UDP,143.107.229.210,123,192.168.253.11,123,76
"2025-11-24 18:10:26.161",UDP,192.168.253.11,123,216.238.106.159,123,76
"2025-11-24 18:10:26.192",UDP,216.238.106.159,123,192.168.253.11,123,76
"2025-11-24 18:10:28.161",UDP,192.168.253.11,123,200.160.7.186,123,76
"2025-11-24 18:10:28.191",UDP,200.160.7.186,123,192.168.253.11,123,76
"2025-11-24 18:10:29.696",TCP,192.168.253.11,50900,142.251.134.46,80,60
"2025-11-24 18:10:29.718",TCP,142.251.134.46,80,192.168.253.11,50900,60
"2025-11-24 18:10:29.760",TCP,192.168.253.11,50900,142.251.134.46,80,52
"2025-11-24 18:10:29.797",TCP,192.168.253.11,50900,142.251.134.46,80,125
"2025-11-24 18:10:29.828",TCP,142.251.134.46,80,192.168.253.11,50900,52
"2025-11-24 18:10:29.859",TCP,142.251.134.46,80,192.168.253.11,50900,825
"2025-11-24 18:10:29.901",TCP,192.168.253.11,50900,142.251.134.46,80,52
"2025-11-24 18:10:29.946",TCP,192.168.253.11,50900,142.251.134.46,80,52
"2025-11-24 18:10:29.995",TCP,142.251.134.46,80,192.168.253.11,50900,52
"2025-11-24 18:10:30.032",TCP,192.168.253.11,50900,142.251.134.46,80,52
"2025-11-24 18:10:31.161",UDP,192.168.253.11,123,91.189.91.157,123,76
"2025-11-24 18:10:31.312",UDP,91.189.91.157,123,192.168.253.11,123,76
"2025-11-24 18:10:33.622",TCP,192.168.253.11,43196,4.228.31.149,443,60
"2025-11-24 18:10:33.646",TCP,4.228.31.149,443,192.168.253.11,43196,60
"2025-11-24 18:10:33.686",TCP,192.168.253.11,43196,4.228.31.149,443,52
"2025-11-24 18:10:33.724",TCP,192.168.253.11,43196,4.228.31.149,443,1722
"2025-11-24 18:10:33.770",TCP,4.228.31.149,443,192.168.253.11,43196,52
"2025-11-24 18:10:33.811",TCP,4.228.31.149,443,192.168.253.11,43196,1476
"2025-11-24 18:10:33.852",TCP,4.228.31.149,443,192.168.253.11,43196,683
"2025-11-24 18:10:33.892",TCP,4.228.31.149,443,192.168.253.11,43196,1476
"2025-11-24 18:10:33.932",TCP,192.168.253.11,43196,4.228.31.149,443,52
"2025-11-24 18:10:33.975",TCP,192.168.253.11,43196,4.228.31.149,443,64
"2025-11-24 18:10:34.018",TCP,192.168.253.11,43196,4.228.31.149,443,52
"2025-11-24 18:10:34.060",TCP,192.168.253.11,43196,4.228.31.149,443,1151
"2025-11-24 18:10:34.102",TCP,4.228.31.149,443,192.168.253.11,43196,210
"2025-11-24 18:10:34.140",TCP,192.168.253.11,43196,4.228.31.149,443,52
"2025-11-24 18:10:34.177",TCP,4.228.31.149,443,192.168.253.11,43196,131
"2025-11-24 18:10:34.212",TCP,192.168.253.11,43196,4.228.31.149,443,64
"2025-11-24 18:10:34.252",TCP,4.228.31.149,443,192.168.253.11,43196,1518
"2025-11-24 18:10:34.294",TCP,4.228.31.149,443,192.168.253.11,43196,76
"2025-11-24 18:10:34.338",TCP,192.168.253.11,43196,4.228.31.149,443,52
"2025-11-24 18:10:34.380",TCP,192.168.253.11,43196,4.228.31.149,443,76
"2025-11-24 18:10:34.421",TCP,192.168.253.11,43196,4.228.31.149,443,52
"2025-11-24 18:10:34.459",TCP,4.228.31.149,443,192.168.253.11,43196,40
"2025-11-24 18:10:34.499",TCP,4.228.31.149,443,192.168.253.11,43196,40
"2025-11-24 18:10:34.541",UDP,192.168.253.11,123,200.160.7.197,123,76
"2025-11-24 18:10:34.600",UDP,200.160.7.197,123,192.168.253.11,123,76
"2025-11-24 18:10:42.162",UDP,192.168.253.11,123,168.181.126.108,123,76
"2025-11-24 18:10:42.202",UDP,168.181.126.108,123,192.168.253.11,123,76
"2025-11-24 18:10:45.267",ICMP,192.168.253.11,-,8.8.8.8,-,84
"2025-11-24 18:10:45.288",ICMP,8.8.8.8,-,192.168.253.11,-,84
"2025-11-24 18:10:46.267",ICMP,192.168.253.11,-,8.8.8.8,-,84
"2025-11-24 18:10:46.338",ICMP,8.8.8.8,-,192.168.253.11,-,84
"2025-11-24 18:10:47.270",ICMP,192.168.253.11,-,8.8.8.8,-,84
"2025-11-24 18:10:47.329",ICMP,8.8.8.8,-,192.168.253.11,-,84
"2025-11-24 18:10:48.271",ICMP,192.168.253.11,-,8.8.8.8,-,84
"2025-11-24 18:10:48.292",ICMP,8.8.8.8,-,192.168.253.11,-,84
"2025-11-24 18:10:49.272",ICMP,192.168.253.11,-,8.8.8.8,-,84
"2025-11-24 18:10:49.292",ICMP,8.8.8.8,-,192.168.253.11,-,84
"2025-11-24 18:10:50.275",ICMP,192.168.253.11,-,8.8.8.8,-,84
"2025-11-24 18:10:50.294",ICMP,8.8.8.8,-,192.168.253.11,-,84
"2025-11-24 18:10:50.757",TCP,192.168.253.11,35664,140.82.114.22,443,60
"2025-11-24 18:10:50.956",TCP,140.82.114.22,443,192.168.253.11,35664,60
"2025-11-24 18:10:50.975",TCP,192.168.253.11,35664,140.82.114.22,443,52
"2025-11-24 18:10:51.025",TCP,192.168.253.11,35664,140.82.114.22,443,1746
"2025-11-24 18:10:51.109",TCP,140.82.114.22,443,192.168.253.11,35664,52
"2025-11-24 18:10:51.126",TCP,140.82.114.22,443,192.168.253.11,35664,1300
"2025-11-24 18:10:51.158",TCP,140.82.114.22,443,192.168.253.11,35664,2900
"2025-11-24 18:10:51.194",TCP,192.168.253.11,35664,140.82.114.22,443,64
"2025-11-24 18:10:51.235",TCP,192.168.253.11,35664,140.82.114.22,443,52
"2025-11-24 18:10:51.276",TCP,140.82.114.22,443,192.168.253.11,35664,1634
"2025-11-24 18:10:51.321",TCP,192.168.253.11,35664,140.82.114.22,443,52
"2025-11-24 18:10:51.359",TCP,192.168.253.11,35664,140.82.114.22,443,2758
"2025-11-24 18:10:51.405",ICMP,192.168.253.11,-,8.8.8.8,-,84
"2025-11-24 18:10:51.418",TCP,140.82.114.22,443,192.168.253.11,35664,52
"2025-11-24 18:10:51.450",TCP,140.82.114.22,443,192.168.253.11,35664,210
"2025-11-24 18:10:51.493",TCP,192.168.253.11,35664,140.82.114.22,443,52
"2025-11-24 18:10:51.537",ICMP,8.8.8.8,-,192.168.253.11,-,84
"2025-11-24 18:10:51.653",TCP,140.82.114.22,443,192.168.253.11,35664,636
"2025-11-24 18:10:51.679",TCP,140.82.114.22,443,192.168.253.11,35664,76
"2025-11-24 18:10:51.733",TCP,140.82.114.22,443,192.168.253.11,35664,52
"2025-11-24 18:10:51.789",TCP,192.168.253.11,35664,140.82.114.22,443,52
"2025-11-24 18:10:51.838",TCP,192.168.253.11,35664,140.82.114.22,443,52
"2025-11-24 18:10:51.887",TCP,192.168.253.11,35664,140.82.114.22,443,76
"2025-11-24 18:10:51.924",TCP,192.168.253.11,35664,140.82.114.22,443,52
"2025-11-24 18:10:51.965",TCP,140.82.114.22,443,192.168.253.11,35664,40
"2025-11-24 18:10:52.007",TCP,140.82.114.22,443,192.168.253.11,35664,40
"2025-11-24 18:10:52.278",ICMP,192.168.253.11,-,8.8.8.8,-,84
"2025-11-24 18:10:52.297",ICMP,8.8.8.8,-,192.168.253.11,-,84
"2025-11-24 18:11:30.162",UDP,192.168.253.11,123,143.107.229.211,123,76
"2025-11-24 18:11:30.189",UDP,192.168.253.11,123,143.107.229.210,123,76
"2025-11-24 18:11:30.253",UDP,143.107.229.210,123,192.168.253.11,123,76
"2025-11-24 18:11:30.304",UDP,143.107.229.211,123,192.168.253.11,123,76
"2025-11-24 18:11:30.348",UDP,192.168.240.1,5353,224.0.0.251,5353,68
"2025-11-24 18:11:30.393",UDP,fe80:0:0:0:802b:566d:cd1c:e958,5353,ff02:0:0:0:0:0:0:fb,5353,88
"2025-11-24 18:11:30.431",UDP,192.168.240.1,5353,224.0.0.251,5353,68
"2025-11-24 18:11:30.473",UDP,fe80:0:0:0:802b:566d:cd1c:e958,5353,ff02:0:0:0:0:0:0:fb,5353,88
"2025-11-24 18:11:31.162",UDP,192.168.253.11,123,200.160.0.8,123,76
"2025-11-24 18:11:31.198",UDP,200.160.0.8,123,192.168.253.11,123,76
"2025-11-24 18:11:31.284",UDP,192.168.240.1,5353,224.0.0.251,5353,68
"2025-11-24 18:11:31.295",UDP,fe80:0:0:0:802b:566d:cd1c:e958,5353,ff02:0:0:0:0:0:0:fb,5353,88
"2025-11-24 18:11:31.337",UDP,192.168.240.1,5353,224.0.0.251,5353,68
"2025-11-24 18:11:31.384",UDP,fe80:0:0:0:802b:566d:cd1c:e958,5353,ff02:0:0:0:0:0:0:fb,5353,88
"2025-11-24 18:11:33.162",UDP,192.168.253.11,123,216.238.106.159,123,76
"2025-11-24 18:11:33.195",UDP,216.238.106.159,123,192.168.253.11,123,76
"2025-11-24 18:11:33.299",UDP,192.168.240.1,5353,224.0.0.251,5353,68
"2025-11-24 18:11:33.320",UDP,fe80:0:0:0:802b:566d:cd1c:e958,5353,ff02:0:0:0:0:0:0:fb,5353,88
"2025-11-24 18:11:33.372",UDP,192.168.240.1,5353,224.0.0.251,5353,68
"2025-11-24 18:11:33.416",UDP,fe80:0:0:0:802b:566d:cd1c:e958,5353,ff02:0:0:0:0:0:0:fb,5353,88
"2025-11-24 18:11:36.162",UDP,192.168.253.11,123,91.189.91.157,123,76
"2025-11-24 18:11:36.310",UDP,91.189.91.157,123,192.168.253.11,123,76
"2025-11-24 18:11:37.162",UDP,192.168.253.11,123,200.160.7.186,123,76
"2025-11-24 18:11:37.184",UDP,200.160.7.186,123,192.168.253.11,123,76
"2025-11-24 18:11:43.161",UDP,192.168.253.11,123,200.160.7.197,123,76
"2025-11-24 18:11:43.180",UDP,200.160.7.197,123,192.168.253.11,123,76
"2025-11-24 18:11:51.161",UDP,192.168.253.11,123,168.181.126.108,123,76
"2025-11-24 18:11:51.198",UDP,168.181.126.108,123,192.168.253.11,123,76
"2025-11-24 18:12:33.990",TCP,192.168.253.11,37154,4.228.31.149,443,60
"2025-11-24 18:12:34.016",TCP,4.228.31.149,443,192.168.253.11,37154,60
"2025-11-24 18:12:34.062",TCP,192.168.253.11,37154,4.228.31.149,443,52
"2025-11-24 18:12:34.095",TCP,192.168.253.11,37154,4.228.31.149,443,1722
"2025-11-24 18:12:34.130",TCP,4.228.31.149,443,192.168.253.11,37154,52
"2025-11-24 18:12:34.171",TCP,4.228.31.149,443,192.168.253.11,37154,2900
"2025-11-24 18:12:34.212",TCP,4.228.31.149,443,192.168.253.11,37154,685
"2025-11-24 18:12:34.253",TCP,192.168.253.11,37154,4.228.31.149,443,52
"2025-11-24 18:12:34.296",TCP,192.168.253.11,37154,4.228.31.149,443,52
"2025-11-24 18:12:34.342",TCP,192.168.253.11,37154,4.228.31.149,443,1151
"2025-11-24 18:12:34.379",TCP,4.228.31.149,443,192.168.253.11,37154,210
"2025-11-24 18:12:34.413",TCP,192.168.253.11,37154,4.228.31.149,443,52
"2025-11-24 18:12:34.454",TCP,4.228.31.149,443,192.168.253.11,37154,131
"2025-11-24 18:12:34.491",TCP,192.168.253.11,37154,4.228.31.149,443,64
"2025-11-24 18:12:34.527",TCP,4.228.31.149,443,192.168.253.11,37154,1518
"2025-11-24 18:12:34.568",TCP,4.228.31.149,443,192.168.253.11,37154,76
"2025-11-24 18:12:34.616",TCP,4.228.31.149,443,192.168.253.11,37154,52
"2025-11-24 18:12:34.654",TCP,192.168.253.11,37154,4.228.31.149,443,52
"2025-11-24 18:12:34.678",TCP,192.168.253.11,37154,4.228.31.149,443,52
"2025-11-24 18:12:34.702",TCP,192.168.253.11,37154,4.228.31.149,443,76
"2025-11-24 18:12:34.729",TCP,192.168.253.11,37154,4.228.31.149,443,52
"2025-11-24 18:12:34.763",TCP,4.228.31.149,443,192.168.253.11,37154,40
"2025-11-24 18:12:34.795",TCP,4.228.31.149,443,192.168.253.11,37154,40
"2025-11-24 18:12:36.161",UDP,192.168.253.11,123,143.107.229.210,123,76
"2025-11-24 18:12:36.187",UDP,143.107.229.210,123,192.168.253.11,123,76
"2025-11-24 18:12:39.161",UDP,192.168.253.11,123,200.160.0.8,123,76
"2025-11-24 18:12:39.180",UDP,192.168.253.11,123,143.107.229.211,123,76
"2025-11-24 18:12:39.235",UDP,200.160.0.8,123,192.168.253.11,123,76
"2025-11-24 18:12:39.285",UDP,143.107.229.211,123,192.168.253.11,123,76
"2025-11-24 18:12:41.162",UDP,192.168.253.11,123,91.189.91.157,123,76
"2025-11-24 18:12:41.312",UDP,91.189.91.157,123,192.168.253.11,123,76
"2025-11-24 18:12:42.161",UDP,192.168.253.11,123,216.238.106.159,123,76
"2025-11-24 18:12:42.184",UDP,216.238.106.159,123,192.168.253.11,123,76
"2025-11-24 18:12:46.162",UDP,192.168.253.11,123,200.160.7.186,123,76
"2025-11-24 18:12:46.183",UDP,200.160.7.186,123,192.168.253.11,123,76
"2025-11-24 18:12:49.161",UDP,192.168.253.11,123,200.160.7.197,123,76
"2025-11-24 18:12:49.192",UDP,200.160.7.197,123,192.168.253.11,123,76
"2025-11-24 18:12:52.550",TCP,192.168.253.11,57876,140.82.114.21,443,60
"2025-11-24 18:12:52.703",TCP,140.82.114.21,443,192.168.253.11,57876,60
"2025-11-24 18:12:52.727",TCP,192.168.253.11,57876,140.82.114.21,443,52
"2025-11-24 18:12:52.771",TCP,192.168.253.11,57876,140.82.114.21,443,1747
"2025-11-24 18:12:52.861",TCP,140.82.114.21,443,192.168.253.11,57876,52
"2025-11-24 18:12:52.881",TCP,140.82.114.21,443,192.168.253.11,57876,1476
"2025-11-24 18:12:52.927",TCP,140.82.114.21,443,192.168.253.11,57876,1300
"2025-11-24 18:12:52.969",TCP,140.82.114.21,443,192.168.253.11,57876,1476
"2025-11-24 18:12:53.007",TCP,192.168.253.11,57876,140.82.114.21,443,52
"2025-11-24 18:12:53.046",TCP,192.168.253.11,57876,140.82.114.21,443,64
"2025-11-24 18:12:53.083",TCP,192.168.253.11,57876,140.82.114.21,443,52
"2025-11-24 18:12:53.121",TCP,140.82.114.21,443,192.168.253.11,57876,2021
"2025-11-24 18:12:53.163",TCP,192.168.253.11,57876,140.82.114.21,443,52
"2025-11-24 18:12:53.207",TCP,192.168.253.11,57876,140.82.114.21,443,116
"2025-11-24 18:12:53.253",TCP,192.168.253.11,57876,140.82.114.21,443,356
"2025-11-24 18:12:53.283",TCP,140.82.114.21,443,192.168.253.11,57876,210
"2025-11-24 18:12:53.322",TCP,140.82.114.21,443,192.168.253.11,57876,116
"2025-11-24 18:12:53.362",TCP,192.168.253.11,57876,140.82.114.21,443,52
"2025-11-24 18:12:53.402",TCP,192.168.253.11,57876,140.82.114.21,443,83
"2025-11-24 18:12:53.438",TCP,140.82.114.21,443,192.168.253.11,57876,52
"2025-11-24 18:12:53.476",TCP,140.82.114.21,443,192.168.253.11,57876,337
"2025-11-24 18:12:53.517",TCP,192.168.253.11,57876,140.82.114.21,443,52
"2025-11-24 18:12:59.161",UDP,192.168.253.11,123,168.181.126.108,123,76
"2025-11-24 18:12:59.195",UDP,168.181.126.108,123,192.168.253.11,123,76
"2025-11-24 18:13:06.337",TCP,192.168.253.11,55756,185.125.190.82,80,60
"2025-11-24 18:13:06.545",TCP,185.125.190.82,80,192.168.253.11,55756,60
"2025-11-24 18:13:06.570",TCP,192.168.253.11,55756,185.125.190.82,80,52
"2025-11-24 18:13:06.612",TCP,192.168.253.11,55756,185.125.190.82,80,229
"2025-11-24 18:13:06.756",TCP,185.125.190.82,80,192.168.253.11,55756,52
"2025-11-24 18:13:06.781",TCP,185.125.190.82,80,192.168.253.11,55756,14532
"2025-11-24 18:13:06.830",TCP,192.168.253.11,55756,185.125.190.82,80,52
"2025-11-24 18:13:06.964",TCP,185.125.190.82,80,192.168.253.11,55756,2948
"2025-11-24 18:13:06.987",TCP,192.168.253.11,55756,185.125.190.82,80,52
"2025-11-24 18:13:07.065",TCP,185.125.190.82,80,192.168.253.11,55756,2948
"2025-11-24 18:13:07.090",TCP,192.168.253.11,55756,185.125.190.82,80,52
"2025-11-24 18:13:07.121",TCP,185.125.190.82,80,192.168.253.11,55756,2948
"2025-11-24 18:13:07.149",TCP,192.168.253.11,55756,185.125.190.82,80,52
"2025-11-24 18:13:07.182",TCP,185.125.190.82,80,192.168.253.11,55756,2948
"2025-11-24 18:13:07.220",TCP,192.168.253.11,55756,185.125.190.82,80,52
"2025-11-24 18:13:07.253",TCP,185.125.190.82,80,192.168.253.11,55756,2948
"2025-11-24 18:13:07.287",TCP,192.168.253.11,55756,185.125.190.82,80,52
"2025-11-24 18:13:07.317",TCP,185.125.190.82,80,192.168.253.11,55756,2948
"2025-11-24 18:13:07.343",TCP,192.168.253.11,55756,185.125.190.82,80,52
"2025-11-24 18:13:07.373",TCP,185.125.190.82,80,192.168.253.11,55756,2948
"2025-11-24 18:13:07.401",TCP,192.168.253.11,55756,185.125.190.82,80,52
"2025-11-24 18:13:07.432",TCP,185.125.190.82,80,192.168.253.11,55756,2948
"2025-11-24 18:13:07.457",TCP,192.168.253.11,55756,185.125.190.82,80,52
"2025-11-24 18:13:07.483",TCP,185.125.190.82,80,192.168.253.11,55756,2948
"2025-11-24 18:13:07.512",TCP,192.168.253.11,55756,185.125.190.82,80,52
"2025-11-24 18:13:07.539",TCP,185.125.190.82,80,192.168.253.11,55756,2948
"2025-11-24 18:13:07.579",TCP,192.168.253.11,55756,185.125.190.82,80,52
"2025-11-24 18:13:07.620",TCP,185.125.190.82,80,192.168.253.11,55756,1500
"2025-11-24 18:13:07.658",TCP,192.168.253.11,55756,185.125.190.82,80,52
"2025-11-24 18:13:07.685",TCP,185.125.190.82,80,192.168.253.11,55756,2948
"2025-11-24 18:13:07.714",TCP,192.168.253.11,55756,185.125.190.82,80,52
"2025-11-24 18:13:07.746",TCP,185.125.190.82,80,192.168.253.11,55756,2948
"2025-11-24 18:13:07.775",TCP,192.168.253.11,55756,185.125.190.82,80,52
"2025-11-24 18:13:07.801",TCP,185.125.190.82,80,192.168.253.11,55756,2948
"2025-11-24 18:13:07.830",TCP,192.168.253.11,55756,185.125.190.82,80,52
"2025-11-24 18:13:07.857",TCP,185.125.190.82,80,192.168.253.11,55756,2948
"2025-11-24 18:13:07.884",TCP,192.168.253.11,55756,185.125.190.82,80,52
"2025-11-24 18:13:07.905",TCP,185.125.190.82,80,192.168.253.11,55756,2948
"2025-11-24 18:13:07.925",TCP,192.168.253.11,55756,185.125.190.82,80,52
"2025-11-24 18:13:07.953",TCP,185.125.190.82,80,192.168.253.11,55756,2948
"2025-11-24 18:13:07.988",TCP,192.168.253.11,55756,185.125.190.82,80,52
"2025-11-24 18:13:08.030",TCP,185.125.190.82,80,192.168.253.11,55756,2948
"2025-11-24 18:13:08.071",TCP,192.168.253.11,55756,185.125.190.82,80,52
"2025-11-24 18:13:08.098",TCP,185.125.190.82,80,192.168.253.11,55756,2948
"2025-11-24 18:13:08.126",TCP,192.168.253.11,55756,185.125.190.82,80,52
"2025-11-24 18:13:08.154",TCP,185.125.190.82,80,192.168.253.11,55756,2948
"2025-11-24 18:13:08.187",TCP,192.168.253.11,55756,185.125.190.82,80,52
"2025-11-24 18:13:08.221",TCP,185.125.190.82,80,192.168.253.11,55756,2948
"2025-11-24 18:13:08.250",TCP,192.168.253.11,55756,185.125.190.82,80,52
"2025-11-24 18:13:08.282",TCP,185.125.190.82,80,192.168.253.11,55756,2948
"2025-11-24 18:13:08.316",TCP,192.168.253.11,55756,185.125.190.82,80,52
"2025-11-24 18:13:08.346",TCP,185.125.190.82,80,192.168.253.11,55756,2948
"2025-11-24 18:13:08.384",TCP,192.168.253.11,55756,185.125.190.82,80,52
"2025-11-24 18:13:08.420",TCP,185.125.190.82,80,192.168.253.11,55756,2948
"2025-11-24 18:13:08.443",TCP,192.168.253.11,55756,185.125.190.82,80,52
"2025-11-24 18:13:08.482",TCP,185.125.190.82,80,192.168.253.11,55756,2948
"2025-11-24 18:13:08.529",TCP,192.168.253.11,55756,185.125.190.82,80,52
"2025-11-24 18:13:08.572",TCP,185.125.190.82,80,192.168.253.11,55756,1500
"2025-11-24 18:13:08.622",TCP,192.168.253.11,55756,185.125.190.82,80,52
"2025-11-24 18:13:08.666",TCP,185.125.190.82,80,192.168.253.11,55756,1500
"2025-11-24 18:13:08.702",TCP,192.168.253.11,55756,185.125.190.82,80,52
"2025-11-24 18:13:08.738",TCP,185.125.190.82,80,192.168.253.11,55756,2948
"2025-11-24 18:13:08.769",TCP,192.168.253.11,55756,185.125.190.82,80,52
"2025-11-24 18:13:08.800",TCP,185.125.190.82,80,192.168.253.11,55756,2948
"2025-11-24 18:13:08.828",TCP,192.168.253.11,55756,185.125.190.82,80,52
"2025-11-24 18:13:08.866",TCP,185.125.190.82,80,192.168.253.11,55756,2948
"2025-11-24 18:13:08.899",TCP,192.168.253.11,55756,185.125.190.82,80,52
"2025-11-24 18:13:08.941",TCP,185.125.190.82,80,192.168.253.11,55756,2948
"2025-11-24 18:13:08.979",TCP,192.168.253.11,55756,185.125.190.82,80,52
"2025-11-24 18:13:09.013",TCP,185.125.190.82,80,192.168.253.11,55756,2948
"2025-11-24 18:13:09.044",TCP,192.168.253.11,55756,185.125.190.82,80,52
"2025-11-24 18:13:09.074",TCP,185.125.190.82,80,192.168.253.11,55756,2948
"2025-11-24 18:13:09.113",TCP,192.168.253.11,55756,185.125.190.82,80,52
"2025-11-24 18:13:09.147",TCP,185.125.190.82,80,192.168.253.11,55756,2948
"2025-11-24 18:13:09.185",TCP,192.168.253.11,55756,185.125.190.82,80,52
"2025-11-24 18:13:09.221",TCP,185.125.190.82,80,192.168.253.11,55756,2948
"2025-11-24 18:13:09.259",TCP,192.168.253.11,55756,185.125.190.82,80,52
"2025-11-24 18:13:09.296",TCP,185.125.190.82,80,192.168.253.11,55756,2948
"2025-11-24 18:13:09.329",TCP,192.168.253.11,55756,185.125.190.82,80,52
"2025-11-24 18:13:09.361",TCP,185.125.190.82,80,192.168.253.11,55756,2948
"2025-11-24 18:13:09.395",TCP,192.168.253.11,55756,185.125.190.82,80,52
"2025-11-24 18:13:09.427",TCP,185.125.190.82,80,192.168.253.11,55756,2948
"2025-11-24 18:13:09.462",TCP,192.168.253.11,55756,185.125.190.82,80,52
"2025-11-24 18:13:09.499",TCP,185.125.190.82,80,192.168.253.11,55756,2948
"2025-11-24 18:13:09.535",TCP,192.168.253.11,55756,185.125.190.82,80,52
"2025-11-24 18:13:09.578",TCP,185.125.190.82,80,192.168.253.11,55756,2948
"2025-11-24 18:13:09.619",TCP,192.168.253.11,55756,185.125.190.82,80,52
"2025-11-24 18:13:09.657",TCP,185.125.190.82,80,192.168.253.11,55756,2948
"2025-11-24 18:13:09.692",TCP,192.168.253.11,55756,185.125.190.82,80,52
"2025-11-24 18:13:09.729",TCP,185.125.190.82,80,192.168.253.11,55756,2948
"2025-11-24 18:13:09.766",TCP,192.168.253.11,55756,185.125.190.82,80,52
"2025-11-24 18:13:09.802",TCP,185.125.190.82,80,192.168.253.11,55756,2948
"2025-11-24 18:13:09.840",TCP,192.168.253.11,55756,185.125.190.82,80,52
"2025-11-24 18:13:09.876",TCP,185.125.190.82,80,192.168.253.11,55756,2948
"2025-11-24 18:13:09.916",TCP,192.168.253.11,55756,185.125.190.82,80,52
"2025-11-24 18:13:09.957",TCP,185.125.190.82,80,192.168.253.11,55756,2948
"2025-11-24 18:13:10.001",TCP,192.168.253.11,55756,185.125.190.82,80,52
"2025-11-24 18:13:10.046",TCP,185.125.190.82,80,192.168.253.11,55756,2948
"2025-11-24 18:13:10.089",TCP,192.168.253.11,55756,185.125.190.82,80,52
"2025-11-24 18:13:10.132",TCP,185.125.190.82,80,192.168.253.11,55756,2948
"2025-11-24 18:13:10.175",TCP,192.168.253.11,55756,185.125.190.82,80,52
"2025-11-24 18:13:10.209",TCP,185.125.190.82,80,192.168.253.11,55756,2948
"2025-11-24 18:13:10.235",TCP,192.168.253.11,55756,185.125.190.82,80,52
"2025-11-24 18:13:10.268",TCP,185.125.190.82,80,192.168.253.11,55756,2948
"2025-11-24 18:13:10.307",TCP,192.168.253.11,55756,185.125.190.82,80,52
"2025-11-24 18:13:10.349",TCP,185.125.190.82,80,192.168.253.11,55756,2948
"2025-11-24 18:13:10.387",TCP,192.168.253.11,55756,185.125.190.82,80,52
"2025-11-24 18:13:10.427",TCP,185.125.190.82,80,192.168.253.11,55756,2948
"2025-11-24 18:13:10.460",TCP,192.168.253.11,55756,185.125.190.82,80,52
"2025-11-24 18:13:10.502",TCP,185.125.190.82,80,192.168.253.11,55756,2948
"2025-11-24 18:13:10.542",TCP,192.168.253.11,55756,185.125.190.82,80,52
"2025-11-24 18:13:10.587",TCP,185.125.190.82,80,192.168.253.11,55756,2948
"2025-11-24 18:13:10.629",TCP,192.168.253.11,55756,185.125.190.82,80,52
"2025-11-24 18:13:10.674",TCP,185.125.190.82,80,192.168.253.11,55756,2948
"2025-11-24 18:13:10.718",TCP,192.168.253.11,55756,185.125.190.82,80,52
"2025-11-24 18:13:10.768",TCP,185.125.190.82,80,192.168.253.11,55756,2948
"2025-11-24 18:13:10.794",TCP,192.168.253.11,55756,185.125.190.82,80,52
"2025-11-24 18:13:10.839",TCP,185.125.190.82,80,192.168.253.11,55756,2948
"2025-11-24 18:13:10.881",TCP,192.168.253.11,55756,185.125.190.82,80,52
"2025-11-24 18:13:10.926",TCP,185.125.190.82,80,192.168.253.11,55756,2948
"2025-11-24 18:13:10.968",TCP,192.168.253.11,55756,185.125.190.82,80,52
"2025-11-24 18:13:11.011",TCP,185.125.190.82,80,192.168.253.11,55756,2948
"2025-11-24 18:13:11.057",TCP,192.168.253.11,55756,185.125.190.82,80,52
"2025-11-24 18:13:11.108",TCP,185.125.190.82,80,192.168.253.11,55756,2948
"2025-11-24 18:13:11.159",TCP,192.168.253.11,55756,185.125.190.82,80,52
"2025-11-24 18:13:11.210",TCP,185.125.190.82,80,192.168.253.11,55756,2948
"2025-11-24 18:13:11.256",TCP,192.168.253.11,55756,185.125.190.82,80,52
"2025-11-24 18:13:11.309",TCP,185.125.190.82,80,192.168.253.11,55756,2948
"2025-11-24 18:13:11.355",TCP,192.168.253.11,55756,185.125.190.82,80,52
"2025-11-24 18:13:11.392",TCP,185.125.190.82,80,192.168.253.11,55756,2948
"2025-11-24 18:13:11.439",TCP,192.168.253.11,55756,185.125.190.82,80,52
"2025-11-24 18:13:11.487",TCP,185.125.190.82,80,192.168.253.11,55756,2948
"2025-11-24 18:13:11.536",TCP,192.168.253.11,55756,185.125.190.82,80,52
"2025-11-24 18:13:11.577",TCP,185.125.190.82,80,192.168.253.11,55756,2948
"2025-11-24 18:13:11.619",TCP,192.168.253.11,55756,185.125.190.82,80,52
"2025-11-24 18:13:11.662",TCP,185.125.190.82,80,192.168.253.11,55756,2948
"2025-11-24 18:13:11.709",TCP,192.168.253.11,55756,185.125.190.82,80,52
"2025-11-24 18:13:11.756",TCP,185.125.190.82,80,192.168.253.11,55756,2948
"2025-11-24 18:13:11.802",TCP,192.168.253.11,55756,185.125.190.82,80,52
"2025-11-24 18:13:11.845",TCP,185.125.190.82,80,192.168.253.11,55756,2948
"2025-11-24 18:13:11.888",TCP,192.168.253.11,55756,185.125.190.82,80,52
"2025-11-24 18:13:11.933",TCP,185.125.190.82,80,192.168.253.11,55756,2948
"2025-11-24 18:13:11.977",TCP,192.168.253.11,55756,185.125.190.82,80,52
"2025-11-24 18:13:12.024",TCP,185.125.190.82,80,192.168.253.11,55756,2948
"2025-11-24 18:13:12.071",TCP,192.168.253.11,55756,185.125.190.82,80,52
"2025-11-24 18:13:12.120",TCP,185.125.190.82,80,192.168.253.11,55756,2948
"2025-11-24 18:13:12.165",TCP,192.168.253.11,55756,185.125.190.82,80,52
"2025-11-24 18:13:12.213",TCP,185.125.190.82,80,192.168.253.11,55756,2948
"2025-11-24 18:13:12.256",TCP,192.168.253.11,55756,185.125.190.82,80,52
"2025-11-24 18:13:12.297",TCP,185.125.190.82,80,192.168.253.11,55756,2948
"2025-11-24 18:13:12.343",TCP,192.168.253.11,55756,185.125.190.82,80,52
"2025-11-24 18:13:12.394",TCP,185.125.190.82,80,192.168.253.11,55756,2948
"2025-11-24 18:13:12.448",TCP,192.168.253.11,55756,185.125.190.82,80,52
"2025-11-24 18:13:12.497",TCP,185.125.190.82,80,192.168.253.11,55756,2948
"2025-11-24 18:13:12.550",TCP,192.168.253.11,55756,185.125.190.82,80,52
"2025-11-24 18:13:12.596",TCP,185.125.190.82,80,192.168.253.11,55756,2948
"2025-11-24 18:13:12.640",TCP,192.168.253.11,55756,185.125.190.82,80,52
"2025-11-24 18:13:12.689",TCP,185.125.190.82,80,192.168.253.11,55756,2948
"2025-11-24 18:13:12.738",TCP,192.168.253.11,55756,185.125.190.82,80,52
"2025-11-24 18:13:12.783",TCP,185.125.190.82,80,192.168.253.11,55756,2948
"2025-11-24 18:13:12.827",TCP,192.168.253.11,55756,185.125.190.82,80,52
"2025-11-24 18:13:12.875",TCP,185.125.190.82,80,192.168.253.11,55756,2948
"2025-11-24 18:13:12.925",TCP,192.168.253.11,55756,185.125.190.82,80,52
"2025-11-24 18:13:12.957",TCP,185.125.190.82,80,192.168.253.11,55756,2948
"2025-11-24 18:13:12.987",TCP,192.168.253.11,55756,185.125.190.82,80,52
"2025-11-24 18:13:13.023",TCP,185.125.190.82,80,192.168.253.11,55756,2948
"2025-11-24 18:13:13.065",TCP,192.168.253.11,55756,185.125.190.82,80,52
"2025-11-24 18:13:13.107",TCP,185.125.190.82,80,192.168.253.11,55756,2948
"2025-11-24 18:13:13.150",TCP,192.168.253.11,55756,185.125.190.82,80,52
"2025-11-24 18:13:13.193",TCP,185.125.190.82,80,192.168.253.11,55756,2948
"2025-11-24 18:13:13.236",TCP,192.168.253.11,55756,185.125.190.82,80,52
"2025-11-24 18:13:13.282",TCP,185.125.190.82,80,192.168.253.11,55756,2948
"2025-11-24 18:13:13.328",TCP,192.168.253.11,55756,185.125.190.82,80,52
"2025-11-24 18:13:13.366",TCP,185.125.190.82,80,192.168.253.11,55756,2948
"2025-11-24 18:13:13.407",TCP,192.168.253.11,55756,185.125.190.82,80,52
"2025-11-24 18:13:13.450",TCP,185.125.190.82,80,192.168.253.11,55756,2948
"2025-11-24 18:13:13.484",TCP,192.168.253.11,55756,185.125.190.82,80,52
"2025-11-24 18:13:13.517",TCP,185.125.190.82,80,192.168.253.11,55756,2948
"2025-11-24 18:13:13.555",TCP,192.168.253.11,55756,185.125.190.82,80,52
"2025-11-24 18:13:13.592",TCP,185.125.190.82,80,192.168.253.11,55756,2948
"2025-11-24 18:13:13.633",TCP,192.168.253.11,55756,185.125.190.82,80,52
"2025-11-24 18:13:13.686",TCP,185.125.190.82,80,192.168.253.11,55756,2948
"2025-11-24 18:13:13.735",TCP,192.168.253.11,55756,185.125.190.82,80,52
"2025-11-24 18:13:13.782",TCP,185.125.190.82,80,192.168.253.11,55756,2948
"2025-11-24 18:13:13.815",TCP,185.125.190.82,80,192.168.253.11,55756,2948
"2025-11-24 18:13:13.850",TCP,192.168.253.11,55756,185.125.190.82,80,52
"2025-11-24 18:13:13.880",TCP,185.125.190.82,80,192.168.253.11,55756,2948
"2025-11-24 18:13:13.920",TCP,185.125.190.82,80,192.168.253.11,55756,2948
"2025-11-24 18:13:13.957",TCP,185.125.190.82,80,192.168.253.11,55756,2948
"2025-11-24 18:13:14.001",TCP,192.168.253.11,55756,185.125.190.82,80,52
"2025-11-24 18:13:14.049",TCP,192.168.253.11,55756,185.125.190.82,80,52
"2025-11-24 18:13:14.095",TCP,185.125.190.82,80,192.168.253.11,55756,4396
"2025-11-24 18:13:14.137",TCP,185.125.190.82,80,192.168.253.11,55756,52
"2025-11-24 18:13:14.159",TCP,192.168.253.11,55756,185.125.190.82,80,52
"2025-11-24 18:13:14.192",UDP,0.0.0.0,68,255.255.255.255,67,328
"2025-11-24 18:13:16.082",UDP,0.0.0.0,68,255.255.255.255,67,328
"2025-11-24 18:13:20.013",UDP,0.0.0.0,68,255.255.255.255,67,328
"2025-11-24 18:13:45.161",UDP,192.168.253.11,123,143.107.229.210,123,76
"2025-11-24 18:13:45.185",UDP,143.107.229.210,123,192.168.253.11,123,76
"2025-11-24 18:13:46.162",UDP,192.168.253.11,123,200.160.0.8,123,76
"2025-11-24 18:13:46.187",UDP,192.168.253.11,123,91.189.91.157,123,76
"2025-11-24 18:13:46.238",UDP,200.160.0.8,123,192.168.253.11,123,76
"2025-11-24 18:13:46.310",UDP,91.189.91.157,123,192.168.253.11,123,76
"2025-11-24 18:13:47.161",UDP,192.168.253.11,123,143.107.229.211,123,76
"2025-11-24 18:13:47.187",UDP,143.107.229.211,123,192.168.253.11,123,76
"2025-11-24 18:13:49.161",UDP,192.168.253.11,123,216.238.106.159,123,76
"2025-11-24 18:13:49.185",UDP,216.238.106.159,123,192.168.253.11,123,76
"2025-11-24 18:13:53.161",UDP,192.168.253.11,123,200.160.7.186,123,76
"2025-11-24 18:13:53.186",UDP,200.160.7.186,123,192.168.253.11,123,76
"2025-11-24 18:13:54.354",TCP,192.168.253.11,57876,140.82.114.21,443,52
"2025-11-24 18:13:54.506",TCP,140.82.114.21,443,192.168.253.11,57876,52
"2025-11-24 18:13:57.161",UDP,192.168.253.11,123,200.160.7.197,123,76
"2025-11-24 18:13:57.180",UDP,200.160.7.197,123,192.168.253.11,123,76
"2025-11-24 18:14:05.161",UDP,192.168.253.11,123,168.181.126.108,123,76
"2025-11-24 18:14:05.195",UDP,168.181.126.108,123,192.168.253.11,123,76
"2025-11-24 18:34:29.189",UDP,192.168.253.11,123,91.189.91.157,123,76
"2025-11-24 18:34:29.311",UDP,91.189.91.157,123,192.168.253.11,123,76
"2025-11-24 18:34:53.297",TCP,140.82.114.21,443,192.168.253.11,48240,91
"2025-11-24 18:34:53.311",TCP,192.168.253.11,48240,140.82.114.21,443,52
"2025-11-24 18:34:53.345",TCP,192.168.253.11,48240,140.82.114.21,443,52
"2025-11-24 18:34:53.452",TCP,140.82.114.21,443,192.168.253.11,48240,76
"2025-11-24 18:34:53.470",TCP,140.82.114.21,443,192.168.253.11,48240,52
"2025-11-24 18:34:53.520",TCP,192.168.253.11,48240,140.82.114.21,443,40
"2025-11-24 18:34:53.566",TCP,192.168.253.11,48240,140.82.114.21,443,40
"2025-11-24 18:34:55.766",TCP,192.168.253.11,54568,4.228.31.149,443,60
"2025-11-24 18:34:55.792",TCP,4.228.31.149,443,192.168.253.11,54568,60
"2025-11-24 18:34:55.844",TCP,192.168.253.11,54568,4.228.31.149,443,52
"2025-11-24 18:34:55.883",TCP,192.168.253.11,54568,4.228.31.149,443,1722
"2025-11-24 18:34:55.924",TCP,4.228.31.149,443,192.168.253.11,54568,52
"2025-11-24 18:34:55.965",TCP,4.228.31.149,443,192.168.253.11,54568,2900
"2025-11-24 18:34:56.008",TCP,4.228.31.149,443,192.168.253.11,54568,684
"2025-11-24 18:34:56.048",TCP,192.168.253.11,54568,4.228.31.149,443,52
"2025-11-24 18:34:56.088",TCP,192.168.253.11,54568,4.228.31.149,443,52
"2025-11-24 18:34:56.126",TCP,192.168.253.11,54568,4.228.31.149,443,1151
"2025-11-24 18:34:56.168",TCP,4.228.31.149,443,192.168.253.11,54568,131
"2025-11-24 18:34:56.209",TCP,4.228.31.149,443,192.168.253.11,54568,131
"2025-11-24 18:34:56.247",TCP,192.168.253.11,54568,4.228.31.149,443,52
"2025-11-24 18:34:56.291",TCP,4.228.31.149,443,192.168.253.11,54568,1518
"2025-11-24 18:34:56.338",TCP,4.228.31.149,443,192.168.253.11,54568,76
"2025-11-24 18:34:56.379",TCP,4.228.31.149,443,192.168.253.11,54568,52
"2025-11-24 18:34:56.429",TCP,192.168.253.11,54568,4.228.31.149,443,52
"2025-11-24 18:34:56.471",TCP,192.168.253.11,54568,4.228.31.149,443,76
"2025-11-24 18:34:56.519",TCP,192.168.253.11,54568,4.228.31.149,443,52
"2025-11-24 18:34:56.556",TCP,4.228.31.149,443,192.168.253.11,54568,40
"2025-11-24 18:34:56.600",TCP,4.228.31.149,443,192.168.253.11,54568,40
"2025-11-24 18:35:05.162",UDP,192.168.253.11,123,143.107.229.210,123,76
"2025-11-24 18:35:05.197",UDP,143.107.229.210,123,192.168.253.11,123,76
"2025-11-24 18:35:10.161",UDP,192.168.253.11,123,143.107.229.211,123,76
"2025-11-24 18:35:10.186",UDP,143.107.229.211,123,192.168.253.11,123,76
"2025-11-24 18:35:11.162",UDP,192.168.253.11,123,200.160.0.8,123,76
"2025-11-24 18:35:11.189",UDP,200.160.0.8,123,192.168.253.11,123,76
"2025-11-24 18:35:15.982",ICMP,192.168.253.11,-,8.8.8.8,-,84
"2025-11-24 18:35:16.011",ICMP,8.8.8.8,-,192.168.253.11,-,84
"2025-11-24 18:35:16.983",ICMP,192.168.253.11,-,8.8.8.8,-,84
"2025-11-24 18:35:17.003",ICMP,8.8.8.8,-,192.168.253.11,-,84
"2025-11-24 18:35:17.162",UDP,192.168.253.11,123,200.160.7.186,123,76
"2025-11-24 18:35:17.189",UDP,200.160.7.186,123,192.168.253.11,123,76
"2025-11-24 18:35:17.984",ICMP,192.168.253.11,-,8.8.8.8,-,84
"2025-11-24 18:35:18.002",ICMP,8.8.8.8,-,192.168.253.11,-,84
"2025-11-24 18:35:18.161",UDP,192.168.253.11,123,216.238.106.159,123,76
"2025-11-24 18:35:18.184",UDP,216.238.106.159,123,192.168.253.11,123,76
"2025-11-24 18:35:18.986",ICMP,192.168.253.11,-,8.8.8.8,-,84
"2025-11-24 18:35:19.004",ICMP,8.8.8.8,-,192.168.253.11,-,84
"2025-11-24 18:35:19.987",ICMP,192.168.253.11,-,8.8.8.8,-,84
"2025-11-24 18:35:20.005",ICMP,8.8.8.8,-,192.168.253.11,-,84
"2025-11-24 18:35:20.162",UDP,192.168.253.11,123,200.160.7.197,123,76
"2025-11-24 18:35:20.192",UDP,200.160.7.197,123,192.168.253.11,123,76
"2025-11-24 18:35:20.989",ICMP,192.168.253.11,-,8.8.8.8,-,84
"2025-11-24 18:35:21.012",ICMP,8.8.8.8,-,192.168.253.11,-,84
"2025-11-24 18:35:21.991",ICMP,192.168.253.11,-,8.8.8.8,-,84
"2025-11-24 18:35:22.013",ICMP,8.8.8.8,-,192.168.253.11,-,84
"2025-11-24 18:35:22.993",ICMP,192.168.253.11,-,8.8.8.8,-,84
"2025-11-24 18:35:23.012",ICMP,8.8.8.8,-,192.168.253.11,-,84
"2025-11-24 18:35:23.162",UDP,192.168.253.11,123,168.181.126.108,123,76
"2025-11-24 18:35:23.198",UDP,168.181.126.108,123,192.168.253.11,123,76
"2025-11-24 18:35:23.994",ICMP,192.168.253.11,-,8.8.8.8,-,84
"2025-11-24 18:35:24.012",ICMP,8.8.8.8,-,192.168.253.11,-,84
"2025-11-24 18:35:24.996",ICMP,192.168.253.11,-,8.8.8.8,-,84
"2025-11-24 18:35:25.014",ICMP,8.8.8.8,-,192.168.253.11,-,84
"2025-11-24 18:35:25.998",ICMP,192.168.253.11,-,8.8.8.8,-,84
"2025-11-24 18:35:26.018",ICMP,8.8.8.8,-,192.168.253.11,-,84
"2025-11-24 18:35:27.001",ICMP,192.168.253.11,-,8.8.8.8,-,84
"2025-11-24 18:35:27.019",ICMP,8.8.8.8,-,192.168.253.11,-,84
"2025-11-24 18:35:28.002",ICMP,192.168.253.11,-,8.8.8.8,-,84
"2025-11-24 18:35:28.020",ICMP,8.8.8.8,-,192.168.253.11,-,84
"2025-11-24 18:35:29.004",ICMP,192.168.253.11,-,8.8.8.8,-,84
"2025-11-24 18:35:29.023",ICMP,8.8.8.8,-,192.168.253.11,-,84
"2025-11-24 18:35:29.659",TCP,192.168.253.11,43636,13.107.5.93,443,60
"2025-11-24 18:35:29.680",TCP,13.107.5.93,443,192.168.253.11,43636,52
"2025-11-24 18:35:29.722",TCP,192.168.253.11,43636,13.107.5.93,443,40
"2025-11-24 18:35:29.756",TCP,192.168.253.11,43636,13.107.5.93,443,1651
"2025-11-24 18:35:29.790",TCP,13.107.5.93,443,192.168.253.11,43636,40
"2025-11-24 18:35:29.827",TCP,13.107.5.93,443,192.168.253.11,43636,139
"2025-11-24 18:35:29.869",TCP,192.168.253.11,43636,13.107.5.93,443,40
"2025-11-24 18:35:29.907",TCP,192.168.253.11,43636,13.107.5.93,443,538
"2025-11-24 18:35:29.948",TCP,13.107.5.93,443,192.168.253.11,43636,40
"2025-11-24 18:35:29.987",TCP,13.107.5.93,443,192.168.253.11,43636,2960
"2025-11-24 18:35:30.036",TCP,13.107.5.93,443,192.168.253.11,43636,1330
"2025-11-24 18:35:30.083",TCP,192.168.253.11,43636,13.107.5.93,443,40
"2025-11-24 18:35:30.124",TCP,192.168.253.11,43636,13.107.5.93,443,655
"2025-11-24 18:35:30.168",TCP,13.107.5.93,443,192.168.253.11,43636,40
"2025-11-24 18:35:30.208",TCP,13.107.5.93,443,192.168.253.11,43636,499
"2025-11-24 18:35:30.246",TCP,192.168.253.11,43636,13.107.5.93,443,40
"2025-11-24 18:35:30.285",TCP,13.107.5.93,443,192.168.253.11,43636,1502
"2025-11-24 18:35:30.327",TCP,13.107.5.93,443,192.168.253.11,43636,1086
"2025-11-24 18:35:30.368",TCP,13.107.5.93,443,192.168.253.11,43636,161
"2025-11-24 18:35:30.409",TCP,192.168.253.11,43636,13.107.5.93,443,40
"2025-11-24 18:35:30.454",TCP,192.168.253.11,43636,13.107.5.93,443,40
"2025-11-24 18:35:30.494",TCP,192.168.253.11,43636,13.107.5.93,443,40
"2025-11-24 18:35:30.538",ICMP,192.168.253.11,-,8.8.8.8,-,84
"2025-11-24 18:35:30.554",ICMP,8.8.8.8,-,192.168.253.11,-,84
"2025-11-24 18:35:31.008",ICMP,192.168.253.11,-,8.8.8.8,-,84
"2025-11-24 18:35:31.026",ICMP,8.8.8.8,-,192.168.253.11,-,84
"2025-11-24 18:35:32.009",ICMP,192.168.253.11,-,8.8.8.8,-,84
"2025-11-24 18:35:32.028",ICMP,8.8.8.8,-,192.168.253.11,-,84
"2025-11-24 18:35:33.011",ICMP,192.168.253.11,-,8.8.8.8,-,84
"2025-11-24 18:35:33.030",ICMP,8.8.8.8,-,192.168.253.11,-,84
"2025-11-24 18:35:33.162",UDP,192.168.253.11,123,91.189.91.157,123,76
"2025-11-24 18:35:33.311",UDP,91.189.91.157,123,192.168.253.11,123,76
"2025-11-24 18:35:33.876",TCP,192.168.253.11,43636,13.107.5.93,443,40
"2025-11-24 18:35:33.899",TCP,13.107.5.93,443,192.168.253.11,43636,40
"2025-11-24 18:35:33.953",TCP,13.107.5.93,443,192.168.253.11,43636,40
"2025-11-24 18:35:34.003",TCP,192.168.253.11,43636,13.107.5.93,443,40
"2025-11-24 18:35:34.048",ICMP,192.168.253.11,-,8.8.8.8,-,84
"2025-11-24 18:35:34.067",ICMP,8.8.8.8,-,192.168.253.11,-,84
"2025-11-24 18:35:35.014",ICMP,192.168.253.11,-,8.8.8.8,-,84
"2025-11-24 18:35:35.032",ICMP,8.8.8.8,-,192.168.253.11,-,84
"2025-11-24 18:35:36.016",ICMP,192.168.253.11,-,8.8.8.8,-,84
"2025-11-24 18:35:36.035",ICMP,8.8.8.8,-,192.168.253.11,-,84
"2025-11-24 18:35:37.018",ICMP,192.168.253.11,-,8.8.8.8,-,84
"2025-11-24 18:35:37.039",ICMP,8.8.8.8,-,192.168.253.11,-,84
"2025-11-24 18:35:38.020",ICMP,192.168.253.11,-,8.8.8.8,-,84
"2025-11-24 18:35:38.039",ICMP,8.8.8.8,-,192.168.253.11,-,84
"2025-11-24 18:35:39.022",ICMP,192.168.253.11,-,8.8.8.8,-,84
"2025-11-24 18:35:39.041",ICMP,8.8.8.8,-,192.168.253.11,-,84
"2025-11-24 18:35:40.025",ICMP,192.168.253.11,-,8.8.8.8,-,84
"2025-11-24 18:35:40.046",ICMP,8.8.8.8,-,192.168.253.11,-,84
"2025-11-24 18:35:41.026",ICMP,192.168.253.11,-,8.8.8.8,-,84
"2025-11-24 18:35:41.045",ICMP,8.8.8.8,-,192.168.253.11,-,84
"2025-11-24 18:35:42.029",ICMP,192.168.253.11,-,8.8.8.8,-,84
"2025-11-24 18:35:42.048",ICMP,8.8.8.8,-,192.168.253.11,-,84
"2025-11-24 18:35:43.030",ICMP,192.168.253.11,-,8.8.8.8,-,84
"2025-11-24 18:35:43.050",ICMP,8.8.8.8,-,192.168.253.11,-,84
"2025-11-24 18:35:44.033",ICMP,192.168.253.11,-,8.8.8.8,-,84
"2025-11-24 18:35:44.052",ICMP,8.8.8.8,-,192.168.253.11,-,84
"2025-11-24 18:35:45.034",ICMP,192.168.253.11,-,8.8.8.8,-,84
"2025-11-24 18:35:45.063",ICMP,8.8.8.8,-,192.168.253.11,-,84
"2025-11-24 18:35:46.036",ICMP,192.168.253.11,-,8.8.8.8,-,84
"2025-11-24 18:35:46.078",ICMP,8.8.8.8,-,192.168.253.11,-,84
"2025-11-24 18:35:47.037",ICMP,192.168.253.11,-,8.8.8.8,-,84
"2025-11-24 18:35:47.113",ICMP,8.8.8.8,-,192.168.253.11,-,84
"2025-11-24 18:35:48.039",ICMP,192.168.253.11,-,8.8.8.8,-,84
"2025-11-24 18:35:48.138",ICMP,8.8.8.8,-,192.168.253.11,-,84
"2025-11-24 18:35:49.039",ICMP,192.168.253.11,-,8.8.8.8,-,84
"2025-11-24 18:35:49.057",ICMP,8.8.8.8,-,192.168.253.11,-,84
"2025-11-24 18:35:50.040",ICMP,192.168.253.11,-,8.8.8.8,-,84
"2025-11-24 18:35:50.060",ICMP,8.8.8.8,-,192.168.253.11,-,84
"2025-11-24 18:35:51.043",ICMP,192.168.253.11,-,8.8.8.8,-,84
"2025-11-24 18:35:51.068",ICMP,8.8.8.8,-,192.168.253.11,-,84
"2025-11-24 18:35:52.044",ICMP,192.168.253.11,-,8.8.8.8,-,84
"2025-11-24 18:35:52.065",ICMP,8.8.8.8,-,192.168.253.11,-,84
"2025-11-24 18:35:53.045",ICMP,192.168.253.11,-,8.8.8.8,-,84
"2025-11-24 18:35:53.064",ICMP,8.8.8.8,-,192.168.253.11,-,84
"2025-11-24 18:35:54.047",ICMP,192.168.253.11,-,8.8.8.8,-,84
"2025-11-24 18:35:54.065",ICMP,8.8.8.8,-,192.168.253.11,-,84
"2025-11-24 18:35:55.048",ICMP,192.168.253.11,-,8.8.8.8,-,84
"2025-11-24 18:35:55.071",ICMP,8.8.8.8,-,192.168.253.11,-,84
"2025-11-24 18:35:56.051",ICMP,192.168.253.11,-,8.8.8.8,-,84
"2025-11-24 18:35:56.069",ICMP,8.8.8.8,-,192.168.253.11,-,84
"2025-11-24 18:35:57.052",ICMP,192.168.253.11,-,8.8.8.8,-,84
"2025-11-24 18:35:57.070",ICMP,8.8.8.8,-,192.168.253.11,-,84
"2025-11-24 18:36:07.913",UDP,0.0.0.0,68,255.255.255.255,67,328
"2025-11-24 18:36:10.989",UDP,0.0.0.0,68,255.255.255.255,67,328
"2025-11-24 18:36:14.164",UDP,192.168.253.11,123,143.107.229.210,123,76
"2025-11-24 18:36:14.190",UDP,143.107.229.210,123,192.168.253.11,123,76
"2025-11-24 18:36:16.773",UDP,0.0.0.0,68,255.255.255.255,67,328
"2025-11-24 18:36:18.161",UDP,192.168.253.11,123,200.160.0.8,123,76
"2025-11-24 18:36:18.180",UDP,200.160.0.8,123,192.168.253.11,123,76
"2025-11-24 18:36:19.161",UDP,192.168.253.11,123,143.107.229.211,123,76
"2025-11-24 18:36:19.188",UDP,143.107.229.211,123,192.168.253.11,123,76
"2025-11-24 18:36:22.161",UDP,192.168.253.11,123,216.238.106.159,123,76
"2025-11-24 18:36:22.186",UDP,216.238.106.159,123,192.168.253.11,123,76
"2025-11-24 18:36:25.161",UDP,192.168.253.11,123,200.160.7.186,123,76
"2025-11-24 18:36:25.182",UDP,192.168.253.11,123,200.160.7.197,123,76
"2025-11-24 18:36:25.245",UDP,200.160.7.197,123,192.168.253.11,123,76
"2025-11-24 18:36:25.296",UDP,200.160.7.186,123,192.168.253.11,123,76
"2025-11-24 18:36:29.162",UDP,192.168.253.11,123,168.181.126.108,123,76
"2025-11-24 18:36:29.195",UDP,168.181.126.108,123,192.168.253.11,123,76
"2025-11-24 18:36:38.162",UDP,192.168.253.11,123,91.189.91.157,123,76
"2025-11-24 18:36:38.310",UDP,91.189.91.157,123,192.168.253.11,123,76
"2025-11-24 18:36:38.757",UDP,192.168.253.11,49535,200.189.40.8,123,76
"2025-11-24 18:36:38.817",UDP,200.189.40.8,123,192.168.253.11,49535,76
"2025-11-24 18:36:38.829",UDP,192.168.253.11,42185,162.159.200.123,123,76
"2025-11-24 18:36:38.898",UDP,162.159.200.123,123,192.168.253.11,42185,76
"2025-11-24 18:36:38.930",UDP,192.168.253.11,39535,192.36.143.130,123,76
"2025-11-24 18:36:39.061",UDP,192.36.143.130,123,192.168.253.11,39535,76
"2025-11-24 18:36:39.072",UDP,192.168.253.11,54293,168.181.126.108,123,76
"2025-11-24 18:36:39.104",UDP,168.181.126.108,123,192.168.253.11,54293,76
"2025-11-24 18:36:56.156",TCP,192.168.253.11,43740,4.228.31.149,443,60
"2025-11-24 18:36:56.180",TCP,4.228.31.149,443,192.168.253.11,43740,60
"2025-11-24 18:36:56.226",TCP,192.168.253.11,43740,4.228.31.149,443,52
"2025-11-24 18:36:56.279",TCP,192.168.253.11,43740,4.228.31.149,443,1722
"2025-11-24 18:36:56.320",TCP,4.228.31.149,443,192.168.253.11,43740,52
"2025-11-24 18:36:56.362",TCP,4.228.31.149,443,192.168.253.11,43740,2900
"2025-11-24 18:36:56.391",TCP,4.228.31.149,443,192.168.253.11,43740,684
"2025-11-24 18:36:56.422",TCP,192.168.253.11,43740,4.228.31.149,443,52
"2025-11-24 18:36:56.457",TCP,192.168.253.11,43740,4.228.31.149,443,52
"2025-11-24 18:36:56.495",TCP,192.168.253.11,43740,4.228.31.149,443,1151
"2025-11-24 18:36:56.538",TCP,4.228.31.149,443,192.168.253.11,43740,131
"2025-11-24 18:36:56.575",TCP,4.228.31.149,443,192.168.253.11,43740,131
"2025-11-24 18:36:56.608",TCP,192.168.253.11,43740,4.228.31.149,443,52
"2025-11-24 18:36:56.640",TCP,4.228.31.149,443,192.168.253.11,43740,94
"2025-11-24 18:36:56.674",TCP,4.228.31.149,443,192.168.253.11,43740,76
"2025-11-24 18:36:56.710",TCP,192.168.253.11,43740,4.228.31.149,443,64
"2025-11-24 18:36:56.749",TCP,192.168.253.11,43740,4.228.31.149,443,64
"2025-11-24 18:36:56.789",TCP,4.228.31.149,443,192.168.253.11,43740,1476
"2025-11-24 18:36:56.829",TCP,4.228.31.149,443,192.168.253.11,43740,52
"2025-11-24 18:36:56.870",TCP,192.168.253.11,43740,4.228.31.149,443,52
"2025-11-24 18:36:56.912",TCP,192.168.253.11,43740,4.228.31.149,443,76
"2025-11-24 18:36:56.953",TCP,192.168.253.11,43740,4.228.31.149,443,52
"2025-11-24 18:36:56.992",TCP,4.228.31.149,443,192.168.253.11,43740,40
"2025-11-24 18:36:57.031",TCP,4.228.31.149,443,192.168.253.11,43740,40
"2025-11-24 18:37:20.161",UDP,192.168.253.11,123,143.107.229.210,123,76
"2025-11-24 18:37:20.188",UDP,143.107.229.210,123,192.168.253.11,123,76
"2025-11-24 18:37:24.163",UDP,192.168.253.11,123,200.160.0.8,123,76
"2025-11-24 18:37:24.186",UDP,192.168.253.11,123,143.107.229.211,123,76
"2025-11-24 18:37:24.238",UDP,200.160.0.8,123,192.168.253.11,123,76
"2025-11-24 18:37:24.281",UDP,143.107.229.211,123,192.168.253.11,123,76
"2025-11-24 18:37:26.161",UDP,192.168.253.11,123,216.238.106.159,123,76
"2025-11-24 18:37:26.191",UDP,216.238.106.159,123,192.168.253.11,123,76
"2025-11-24 18:37:31.161",UDP,192.168.253.11,123,200.160.7.186,123,76
"2025-11-24 18:37:31.199",UDP,192.168.253.11,123,200.160.7.197,123,76
"2025-11-24 18:37:31.246",UDP,200.160.7.197,123,192.168.253.11,123,76
"2025-11-24 18:37:31.279",UDP,200.160.7.186,123,192.168.253.11,123,76
"2025-11-24 18:37:35.162",UDP,192.168.253.11,123,168.181.126.108,123,76
"2025-11-24 18:37:35.195",UDP,168.181.126.108,123,192.168.253.11,123,76
"2025-11-24 18:37:43.161",UDP,192.168.253.11,123,91.189.91.157,123,76
"2025-11-24 18:37:43.311",UDP,91.189.91.157,123,192.168.253.11,123,76
"2025-11-24 18:37:52.572",TCP,192.168.253.11,43340,140.82.114.22,443,60
"2025-11-24 18:37:52.726",TCP,140.82.114.22,443,192.168.253.11,43340,60
"2025-11-24 18:37:52.743",TCP,192.168.253.11,43340,140.82.114.22,443,52
"2025-11-24 18:37:52.775",TCP,192.168.253.11,43340,140.82.114.22,443,1668
"2025-11-24 18:37:52.882",TCP,140.82.114.22,443,192.168.253.11,43340,52
"2025-11-24 18:37:52.905",TCP,140.82.114.22,443,192.168.253.11,43340,1476
"2025-11-24 18:37:52.956",TCP,140.82.114.22,443,192.168.253.11,43340,1300
"2025-11-24 18:37:52.999",TCP,140.82.114.22,443,192.168.253.11,43340,1476
"2025-11-24 18:37:53.042",TCP,192.168.253.11,43340,140.82.114.22,443,52
"2025-11-24 18:37:53.089",TCP,192.168.253.11,43340,140.82.114.22,443,64
"2025-11-24 18:37:53.130",TCP,192.168.253.11,43340,140.82.114.22,443,52
"2025-11-24 18:37:53.174",TCP,140.82.114.22,443,192.168.253.11,43340,2021
"2025-11-24 18:37:53.217",TCP,192.168.253.11,43340,140.82.114.22,443,52
"2025-11-24 18:37:53.254",TCP,192.168.253.11,43340,140.82.114.22,443,116
"2025-11-24 18:37:53.285",TCP,192.168.253.11,43340,140.82.114.22,443,356
"2025-11-24 18:37:53.302",TCP,140.82.114.22,443,192.168.253.11,43340,210
"2025-11-24 18:37:53.328",TCP,140.82.114.22,443,192.168.253.11,43340,116
"2025-11-24 18:37:53.364",TCP,192.168.253.11,43340,140.82.114.22,443,52
"2025-11-24 18:37:53.402",TCP,192.168.253.11,43340,140.82.114.22,443,83
"2025-11-24 18:37:53.444",TCP,140.82.114.22,443,192.168.253.11,43340,339
"2025-11-24 18:37:53.492",TCP,192.168.253.11,43340,140.82.114.22,443,52
"2025-11-24 18:38:49.192",UDP,192.168.253.11,123,91.189.91.157,123,76
"2025-11-24 18:38:49.311",UDP,91.189.91.157,123,192.168.253.11,123,76
"2025-11-24 18:38:53.490",TCP,192.168.253.11,43340,140.82.114.22,443,52
"2025-11-24 18:38:53.644",TCP,140.82.114.22,443,192.168.253.11,43340,52
"2025-11-24 18:38:56.557",TCP,192.168.253.11,55836,4.228.31.149,443,60
"2025-11-24 18:38:56.584",TCP,4.228.31.149,443,192.168.253.11,55836,60
"2025-11-24 18:38:56.635",TCP,192.168.253.11,55836,4.228.31.149,443,52
"2025-11-24 18:38:56.682",TCP,192.168.253.11,55836,4.228.31.149,443,1722
"2025-11-24 18:38:56.725",TCP,4.228.31.149,443,192.168.253.11,55836,52
"2025-11-24 18:38:56.769",TCP,4.228.31.149,443,192.168.253.11,55836,2900
"2025-11-24 18:38:56.811",TCP,4.228.31.149,443,192.168.253.11,55836,685
"2025-11-24 18:38:56.855",TCP,192.168.253.11,55836,4.228.31.149,443,52
"2025-11-24 18:38:56.893",TCP,192.168.253.11,55836,4.228.31.149,443,52
"2025-11-24 18:38:56.935",TCP,192.168.253.11,55836,4.228.31.149,443,1151
"2025-11-24 18:38:56.976",TCP,4.228.31.149,443,192.168.253.11,55836,131
"2025-11-24 18:38:57.020",TCP,4.228.31.149,443,192.168.253.11,55836,131
"2025-11-24 18:38:57.064",TCP,192.168.253.11,55836,4.228.31.149,443,52
"2025-11-24 18:38:57.106",TCP,4.228.31.149,443,192.168.253.11,55836,1517
"2025-11-24 18:38:57.145",TCP,4.228.31.149,443,192.168.253.11,55836,76
"2025-11-24 18:38:57.187",TCP,4.228.31.149,443,192.168.253.11,55836,52
"2025-11-24 18:38:57.228",TCP,192.168.253.11,55836,4.228.31.149,443,52
"2025-11-24 18:38:57.275",TCP,192.168.253.11,55836,4.228.31.149,443,76
"2025-11-24 18:38:57.322",TCP,192.168.253.11,55836,4.228.31.149,443,52
"2025-11-24 18:38:57.369",TCP,4.228.31.149,443,192.168.253.11,55836,40
"2025-11-24 18:38:57.414",TCP,4.228.31.149,443,192.168.253.11,55836,40
"2025-11-24 18:39:35.161",UDP,192.168.253.11,123,200.160.0.8,123,76
"2025-11-24 18:39:35.187",UDP,200.160.0.8,123,192.168.253.11,123,76
"2025-11-24 18:39:36.161",UDP,192.168.253.11,123,143.107.229.211,123,76
"2025-11-24 18:39:36.178",UDP,192.168.253.11,123,143.107.229.210,123,76
"2025-11-24 18:39:36.214",UDP,143.107.229.211,123,192.168.253.11,123,76
"2025-11-24 18:39:36.247",UDP,143.107.229.210,123,192.168.253.11,123,76
"2025-11-24 18:39:39.161",UDP,192.168.253.11,123,216.238.106.159,123,76
"2025-11-24 18:39:39.195",UDP,216.238.106.159,123,192.168.253.11,123,76
"2025-11-24 18:39:41.161",UDP,192.168.253.11,123,200.160.7.197,123,76
"2025-11-24 18:39:41.188",UDP,200.160.7.197,123,192.168.253.11,123,76
"2025-11-24 18:39:42.161",UDP,192.168.253.11,123,200.160.7.186,123,76
"2025-11-24 18:39:42.182",UDP,200.160.7.186,123,192.168.253.11,123,76
"2025-11-24 18:39:43.162",UDP,192.168.253.11,123,168.181.126.108,123,76
"2025-11-24 18:39:43.197",UDP,168.181.126.108,123,192.168.253.11,123,76
"2025-11-24 18:39:53.161",UDP,192.168.253.11,123,91.189.91.157,123,76
"2025-11-24 18:39:53.242",TCP,140.82.114.22,443,192.168.253.11,43340,91
"2025-11-24 18:39:53.258",TCP,192.168.253.11,43340,140.82.114.22,443,52
"2025-11-24 18:39:53.291",TCP,192.168.253.11,43340,140.82.114.22,443,52
"2025-11-24 18:39:53.320",UDP,91.189.91.157,123,192.168.253.11,123,76
"2025-11-24 18:39:53.397",TCP,140.82.114.22,443,192.168.253.11,43340,76
"2025-11-24 18:39:53.409",TCP,140.82.114.22,443,192.168.253.11,43340,52
"2025-11-24 18:39:53.441",TCP,192.168.253.11,43340,140.82.114.22,443,40
"2025-11-24 18:39:53.483",TCP,192.168.253.11,43340,140.82.114.22,443,40
"2025-11-24 18:40:40.163",UDP,192.168.253.11,123,200.160.0.8,123,76
"2025-11-24 18:40:40.187",UDP,192.168.253.11,123,143.107.229.211,123,76
"2025-11-24 18:40:40.230",UDP,192.168.253.11,123,143.107.229.210,123,76
"2025-11-24 18:40:40.264",UDP,200.160.0.8,123,192.168.253.11,123,76
"2025-11-24 18:40:40.303",UDP,143.107.229.210,123,192.168.253.11,123,76
"2025-11-24 18:40:40.338",UDP,143.107.229.211,123,192.168.253.11,123,76
"2025-11-24 18:40:45.161",UDP,192.168.253.11,123,200.160.7.197,123,76
"2025-11-24 18:40:45.194",UDP,192.168.253.11,123,216.238.106.159,123,76
"2025-11-24 18:40:45.246",UDP,200.160.7.197,123,192.168.253.11,123,76
"2025-11-24 18:40:45.290",UDP,216.238.106.159,123,192.168.253.11,123,76
"2025-11-24 18:40:47.161",UDP,192.168.253.11,123,168.181.126.108,123,76
"2025-11-24 18:40:47.185",UDP,192.168.253.11,123,200.160.7.186,123,76
"2025-11-24 18:40:47.291",UDP,200.160.7.186,123,192.168.253.11,123,76
"2025-11-24 18:40:47.326",UDP,168.181.126.108,123,192.168.253.11,123,76
"2025-11-24 18:40:56.951",TCP,192.168.253.11,33082,4.228.31.149,443,60
"2025-11-24 18:40:56.975",TCP,4.228.31.149,443,192.168.253.11,33082,60
"2025-11-24 18:40:57.018",TCP,192.168.253.11,33082,4.228.31.149,443,52
"2025-11-24 18:40:57.046",TCP,192.168.253.11,33082,4.228.31.149,443,1722
"2025-11-24 18:40:57.076",TCP,4.228.31.149,443,192.168.253.11,33082,52
"2025-11-24 18:40:57.107",TCP,4.228.31.149,443,192.168.253.11,33082,2900
"2025-11-24 18:40:57.143",TCP,4.228.31.149,443,192.168.253.11,33082,685
"2025-11-24 18:40:57.176",TCP,192.168.253.11,33082,4.228.31.149,443,52
"2025-11-24 18:40:57.207",TCP,192.168.253.11,33082,4.228.31.149,443,52
"2025-11-24 18:40:57.235",TCP,192.168.253.11,33082,4.228.31.149,443,1151
"2025-11-24 18:40:57.265",TCP,4.228.31.149,443,192.168.253.11,33082,210
"2025-11-24 18:40:57.295",TCP,192.168.253.11,33082,4.228.31.149,443,52
"2025-11-24 18:40:57.331",TCP,4.228.31.149,443,192.168.253.11,33082,131
"2025-11-24 18:40:57.359",TCP,192.168.253.11,33082,4.228.31.149,443,64
"2025-11-24 18:40:57.393",UDP,192.168.253.11,123,91.189.91.157,123,76
"2025-11-24 18:40:57.427",TCP,4.228.31.149,443,192.168.253.11,33082,1517
"2025-11-24 18:40:57.460",TCP,4.228.31.149,443,192.168.253.11,33082,76
"2025-11-24 18:40:57.491",TCP,4.228.31.149,443,192.168.253.11,33082,52
"2025-11-24 18:40:57.523",TCP,192.168.253.11,33082,4.228.31.149,443,52
"2025-11-24 18:40:57.558",TCP,192.168.253.11,33082,4.228.31.149,443,52
"2025-11-24 18:40:57.597",TCP,192.168.253.11,33082,4.228.31.149,443,76
"2025-11-24 18:40:57.636",TCP,192.168.253.11,33082,4.228.31.149,443,52
"2025-11-24 18:40:57.678",UDP,91.189.91.157,123,192.168.253.11,123,76
"2025-11-24 18:40:57.719",TCP,4.228.31.149,443,192.168.253.11,33082,40
"2025-11-24 18:40:57.763",TCP,4.228.31.149,443,192.168.253.11,33082,40
"2025-11-24 18:41:44.161",UDP,192.168.253.11,123,143.107.229.210,123,76
"2025-11-24 18:41:44.193",UDP,143.107.229.210,123,192.168.253.11,123,76
"2025-11-24 18:41:45.162",UDP,192.168.253.11,123,200.160.0.8,123,76
"2025-11-24 18:41:45.187",UDP,200.160.0.8,123,192.168.253.11,123,76
"2025-11-24 18:41:47.162",UDP,192.168.253.11,123,143.107.229.211,123,76
"2025-11-24 18:41:47.188",UDP,143.107.229.211,123,192.168.253.11,123,76
"2025-11-24 18:41:49.162",UDP,192.168.253.11,123,200.160.7.197,123,76
"2025-11-24 18:41:49.188",UDP,200.160.7.197,123,192.168.253.11,123,76
"2025-11-24 18:41:51.161",UDP,192.168.253.11,123,216.238.106.159,123,76
"2025-11-24 18:41:51.188",UDP,216.238.106.159,123,192.168.253.11,123,76
"2025-11-24 18:41:52.161",UDP,192.168.253.11,123,200.160.7.186,123,76
"2025-11-24 18:41:52.190",UDP,200.160.7.186,123,192.168.253.11,123,76
"2025-11-24 18:41:54.161",UDP,192.168.253.11,123,168.181.126.108,123,76
"2025-11-24 18:41:54.194",UDP,168.181.126.108,123,192.168.253.11,123,76
"2025-11-24 18:42:01.161",UDP,192.168.253.11,123,91.189.91.157,123,76
"2025-11-24 18:42:01.313",UDP,91.189.91.157,123,192.168.253.11,123,76
"2025-11-24 18:42:49.161",UDP,192.168.253.11,123,143.107.229.210,123,76
"2025-11-24 18:42:49.187",UDP,143.107.229.210,123,192.168.253.11,123,76
"2025-11-24 18:42:52.162",UDP,192.168.253.11,123,200.160.0.8,123,76
"2025-11-24 18:42:52.193",UDP,200.160.0.8,123,192.168.253.11,123,76
"2025-11-24 18:42:52.615",TCP,192.168.253.11,44560,140.82.112.22,443,60
"2025-11-24 18:42:52.771",TCP,140.82.112.22,443,192.168.253.11,44560,60
"2025-11-24 18:42:52.795",TCP,192.168.253.11,44560,140.82.112.22,443,52
"2025-11-24 18:42:52.849",TCP,192.168.253.11,44560,140.82.112.22,443,1747
"2025-11-24 18:42:52.925",TCP,140.82.112.22,443,192.168.253.11,44560,52
"2025-11-24 18:42:52.954",TCP,140.82.112.22,443,192.168.253.11,44560,1476
"2025-11-24 18:42:52.993",TCP,140.82.112.22,443,192.168.253.11,44560,1300
"2025-11-24 18:42:53.020",TCP,140.82.112.22,443,192.168.253.11,44560,1476
"2025-11-24 18:42:53.053",TCP,192.168.253.11,44560,140.82.112.22,443,52
"2025-11-24 18:42:53.085",TCP,192.168.253.11,44560,140.82.112.22,443,64
"2025-11-24 18:42:53.116",TCP,192.168.253.11,44560,140.82.112.22,443,52
"2025-11-24 18:42:53.153",TCP,140.82.112.22,443,192.168.253.11,44560,2021
"2025-11-24 18:42:53.190",TCP,192.168.253.11,44560,140.82.112.22,443,52
"2025-11-24 18:42:53.220",TCP,192.168.253.11,44560,140.82.112.22,443,116
"2025-11-24 18:42:53.252",TCP,192.168.253.11,44560,140.82.112.22,443,356
"2025-11-24 18:42:53.291",TCP,140.82.112.22,443,192.168.253.11,44560,131
"2025-11-24 18:42:53.324",TCP,140.82.112.22,443,192.168.253.11,44560,131
"2025-11-24 18:42:53.360",TCP,140.82.112.22,443,192.168.253.11,44560,116
"2025-11-24 18:42:53.399",TCP,192.168.253.11,44560,140.82.112.22,443,52
"2025-11-24 18:42:53.438",TCP,192.168.253.11,44560,140.82.112.22,443,83
"2025-11-24 18:42:53.471",UDP,192.168.253.11,123,143.107.229.211,123,76
"2025-11-24 18:42:53.507",UDP,143.107.229.211,123,192.168.253.11,123,76
"2025-11-24 18:42:53.543",TCP,140.82.112.22,443,192.168.253.11,44560,52
"2025-11-24 18:42:53.582",TCP,140.82.112.22,443,192.168.253.11,44560,339
"2025-11-24 18:42:53.626",TCP,192.168.253.11,44560,140.82.112.22,443,52
"2025-11-24 18:42:55.161",UDP,192.168.253.11,123,200.160.7.197,123,76
"2025-11-24 18:42:55.187",UDP,200.160.7.197,123,192.168.253.11,123,76
