timestamp,protocolo,info
"2025-11-24 18:08:27.177",NTP,"192.168.253.11:123 -> 168.181.126.108:123"
"2025-11-24 18:08:27.232",NTP,"168.181.126.108:123 -> 192.168.253.11:123"
"2025-11-24 18:08:33.156",desconhecido,"192.168.253.11:54806 -> 4.228.31.149:443"
"2025-11-24 18:08:33.193",HTTPS,"4.228.31.149:443 -> 192.168.253.11:54806"
"2025-11-24 18:08:33.242",desconhecido,"192.168.253.11:54806 -> 4.228.31.149:443"
"2025-11-24 18:08:33.271",desconhecido,"192.168.253.11:54806 -> 4.228.31.149:443"
"2025-11-24 18:08:33.297",desconhecido,"192.168.253.11:54806 -> 4.228.31.149:443"
"2025-11-24 18:08:33.327",HTTPS,"4.228.31.149:443 -> 192.168.253.11:54806"
"2025-11-24 18:08:33.358",HTTPS,"4.228.31.149:443 -> 192.168.253.11:54806"
"2025-11-24 18:08:33.392",HTTPS,"4.228.31.149:443 -> 192.168.253.11:54806"
"2025-11-24 18:08:33.427",desconhecido,"192.168.253.11:54806 -> 4.228.31.149:443"
"2025-11-24 18:08:33.465",desconhecido,"192.168.253.11:54806 -> 4.228.31.149:443"
"2025-11-24 18:08:33.500",desconhecido,"192.168.253.11:54806 -> 4.228.31.149:443"
"2025-11-24 18:08:33.528",HTTPS,"4.228.31.149:443 -> 192.168.253.11:54806"
"2025-11-24 18:08:33.559",HTTPS,"4.228.31.149:443 -> 192.168.253.11:54806"
"2025-11-24 18:08:33.587",HTTPS,"4.228.31.149:443 -> 192.168.253.11:54806"
"2025-11-24 18:08:33.621",desconhecido,"192.168.253.11:54806 -> 4.228.31.149:443"
"2025-11-24 18:08:33.660",HTTPS,"4.228.31.149:443 -> 192.168.253.11:54806"
"2025-11-24 18:08:33.701",HTTPS,"4.228.31.149:443 -> 192.168.253.11:54806"
"2025-11-24 18:08:33.738",HTTPS,"4.228.31.149:443 -> 192.168.253.11:54806"
"2025-11-24 18:08:33.777",desconhecido,"192.168.253.11:54806 -> 4.228.31.149:443"
"2025-11-24 18:08:33.807",desconhecido,"192.168.253.11:54806 -> 4.228.31.149:443"
"2025-11-24 18:08:33.838",desconhecido,"192.168.253.11:54806 -> 4.228.31.149:443"
"2025-11-24 18:08:33.878",desconhecido,"192.168.253.11:54806 -> 4.228.31.149:443"
"2025-11-24 18:08:33.940",HTTPS,"4.228.31.149:443 -> 192.168.253.11:54806"
"2025-11-24 18:08:34.066",HTTPS,"4.228.31.149:443 -> 192.168.253.11:54806"
"2025-11-24 18:08:35.427",desconhecido,"192.168.240.1:59271 -> 239.255.255.250:1900"
"2025-11-24 18:08:35.457",desconhecido,"192.168.240.1:59271 -> 239.255.255.250:1900"
"2025-11-24 18:08:38.460",desconhecido,"192.168.240.1:59271 -> 239.255.255.250:1900"
"2025-11-24 18:08:38.491",desconhecido,"192.168.240.1:59271 -> 239.255.255.250:1900"
"2025-11-24 18:08:41.727",desconhecido,"192.168.240.1:5353 -> 224.0.0.251:5353"
"2025-11-24 18:08:41.766",desconhecido,"fe80:0:0:0:802b:566d:cd1c:e958:5353 -> ff02:0:0:0:0:0:0:fb:5353"
"2025-11-24 18:08:41.821",desconhecido,"192.168.240.1:5353 -> 224.0.0.251:5353"
"2025-11-24 18:08:41.848",desconhecido,"fe80:0:0:0:802b:566d:cd1c:e958:5353 -> ff02:0:0:0:0:0:0:fb:5353"
"2025-11-24 18:08:42.731",desconhecido,"192.168.240.1:5353 -> 224.0.0.251:5353"
"2025-11-24 18:08:42.754",desconhecido,"fe80:0:0:0:802b:566d:cd1c:e958:5353 -> ff02:0:0:0:0:0:0:fb:5353"
"2025-11-24 18:08:42.799",desconhecido,"192.168.240.1:5353 -> 224.0.0.251:5353"
"2025-11-24 18:08:42.843",desconhecido,"fe80:0:0:0:802b:566d:cd1c:e958:5353 -> ff02:0:0:0:0:0:0:fb:5353"
"2025-11-24 18:08:44.747",desconhecido,"192.168.240.1:5353 -> 224.0.0.251:5353"
"2025-11-24 18:08:44.765",desconhecido,"fe80:0:0:0:802b:566d:cd1c:e958:5353 -> ff02:0:0:0:0:0:0:fb:5353"
"2025-11-24 18:08:44.813",desconhecido,"192.168.240.1:5353 -> 224.0.0.251:5353"
"2025-11-24 18:08:44.864",desconhecido,"fe80:0:0:0:802b:566d:cd1c:e958:5353 -> ff02:0:0:0:0:0:0:fb:5353"
"2025-11-24 18:08:53.367",desconhecido,"192.168.253.11:43412 -> 140.82.112.21:443"
"2025-11-24 18:08:53.520",HTTPS,"140.82.112.21:443 -> 192.168.253.11:43412"
"2025-11-24 18:09:12.162",NTP,"192.168.253.11:123 -> 143.107.229.211:123"
"2025-11-24 18:09:12.190",NTP,"143.107.229.211:123 -> 192.168.253.11:123"
"2025-11-24 18:09:15.161",NTP,"192.168.253.11:123 -> 143.107.229.210:123"
"2025-11-24 18:09:15.188",NTP,"143.107.229.210:123 -> 192.168.253.11:123"
"2025-11-24 18:09:17.161",NTP,"192.168.253.11:123 -> 200.160.0.8:123"
"2025-11-24 18:09:17.187",NTP,"200.160.0.8:123 -> 192.168.253.11:123"
"2025-11-24 18:09:18.161",NTP,"192.168.253.11:123 -> 216.238.106.159:123"
"2025-11-24 18:09:18.194",NTP,"216.238.106.159:123 -> 192.168.253.11:123"
"2025-11-24 18:09:22.161",NTP,"192.168.253.11:123 -> 200.160.7.186:123"
"2025-11-24 18:09:22.188",NTP,"200.160.7.186:123 -> 192.168.253.11:123"
"2025-11-24 18:09:26.162",NTP,"192.168.253.11:123 -> 91.189.91.157:123"
"2025-11-24 18:09:26.319",NTP,"91.189.91.157:123 -> 192.168.253.11:123"
"2025-11-24 18:09:28.162",NTP,"192.168.253.11:123 -> 200.160.7.197:123"
"2025-11-24 18:09:28.194",NTP,"200.160.7.197:123 -> 192.168.253.11:123"
"2025-11-24 18:09:36.162",NTP,"192.168.253.11:123 -> 168.181.126.108:123"
"2025-11-24 18:09:36.198",NTP,"168.181.126.108:123 -> 192.168.253.11:123"
"2025-11-24 18:09:40.083",desconhecido,"192.168.253.11:44456 -> 200.160.7.186:123"
"2025-11-24 18:09:40.115",NTP,"200.160.7.186:123 -> 192.168.253.11:44456"
"2025-11-24 18:09:40.171",desconhecido,"192.168.253.11:41209 -> 192.36.143.130:123"
"2025-11-24 18:09:40.355",NTP,"192.36.143.130:123 -> 192.168.253.11:41209"
"2025-11-24 18:09:40.371",desconhecido,"192.168.253.11:35551 -> 200.192.232.8:123"
"2025-11-24 18:09:40.422",NTP,"200.192.232.8:123 -> 192.168.253.11:35551"
"2025-11-24 18:09:40.435",desconhecido,"192.168.253.11:39779 -> 200.160.7.196:123"
"2025-11-24 18:09:40.468",NTP,"200.160.7.196:123 -> 192.168.253.11:39779"
"2025-11-24 18:09:47.996",desconhecido,"192.168.253.11:56542 -> 192.36.143.130:123"
"2025-11-24 18:09:48.242",NTP,"192.36.143.130:123 -> 192.168.253.11:56542"
"2025-11-24 18:09:48.254",desconhecido,"192.168.253.11:39917 -> 200.192.232.8:123"
"2025-11-24 18:09:48.286",NTP,"200.192.232.8:123 -> 192.168.253.11:39917"
"2025-11-24 18:09:48.319",desconhecido,"192.168.253.11:50150 -> 200.160.7.196:123"
"2025-11-24 18:09:48.349",NTP,"200.160.7.196:123 -> 192.168.253.11:50150"
"2025-11-24 18:09:48.380",desconhecido,"192.168.253.11:60893 -> 200.160.7.186:123"
"2025-11-24 18:09:48.408",NTP,"200.160.7.186:123 -> 192.168.253.11:60893"
"2025-11-24 18:09:53.363",HTTPS,"140.82.112.21:443 -> 192.168.253.11:43412"
"2025-11-24 18:09:53.393",desconhecido,"192.168.253.11:43412 -> 140.82.112.21:443"
"2025-11-24 18:09:53.455",desconhecido,"192.168.253.11:43412 -> 140.82.112.21:443"
"2025-11-24 18:09:53.517",HTTPS,"140.82.112.21:443 -> 192.168.253.11:43412"
"2025-11-24 18:09:53.530",HTTPS,"140.82.112.21:443 -> 192.168.253.11:43412"
"2025-11-24 18:09:53.565",desconhecido,"192.168.253.11:43412 -> 140.82.112.21:443"
"2025-11-24 18:09:53.605",desconhecido,"192.168.253.11:43412 -> 140.82.112.21:443"
"2025-11-24 18:09:57.052",desconhecido,"192.168.253.11:51012 -> 140.82.114.21:443"
"2025-11-24 18:09:57.204",HTTPS,"140.82.114.21:443 -> 192.168.253.11:51012"
"2025-11-24 18:09:57.229",desconhecido,"192.168.253.11:51012 -> 140.82.114.21:443"
"2025-11-24 18:09:57.262",desconhecido,"192.168.253.11:51012 -> 140.82.114.21:443"
"2025-11-24 18:09:57.359",HTTPS,"140.82.114.21:443 -> 192.168.253.11:51012"
"2025-11-24 18:09:57.380",HTTPS,"140.82.114.21:443 -> 192.168.253.11:51012"
"2025-11-24 18:09:57.423",HTTPS,"140.82.114.21:443 -> 192.168.253.11:51012"
"2025-11-24 18:09:57.469",desconhecido,"192.168.253.11:51012 -> 140.82.114.21:443"
"2025-11-24 18:09:57.514",desconhecido,"192.168.253.11:51012 -> 140.82.114.21:443"
"2025-11-24 18:09:57.549",HTTPS,"140.82.114.21:443 -> 192.168.253.11:51012"
"2025-11-24 18:09:57.584",desconhecido,"192.168.253.11:51012 -> 140.82.114.21:443"
"2025-11-24 18:09:57.631",desconhecido,"192.168.253.11:51012 -> 140.82.114.21:443"
"2025-11-24 18:09:57.673",HTTPS,"140.82.114.21:443 -> 192.168.253.11:51012"
"2025-11-24 18:09:57.712",HTTPS,"140.82.114.21:443 -> 192.168.253.11:51012"
"2025-11-24 18:09:57.753",desconhecido,"192.168.253.11:51012 -> 140.82.114.21:443"
"2025-11-24 18:09:57.827",HTTPS,"140.82.114.21:443 -> 192.168.253.11:51012"
"2025-11-24 18:09:57.853",HTTPS,"140.82.114.21:443 -> 192.168.253.11:51012"
"2025-11-24 18:09:57.899",desconhecido,"192.168.253.11:51012 -> 140.82.114.21:443"
"2025-11-24 18:09:57.941",desconhecido,"192.168.253.11:51012 -> 140.82.114.21:443"
"2025-11-24 18:09:57.988",desconhecido,"192.168.253.11:51012 -> 140.82.114.21:443"
"2025-11-24 18:09:58.018",HTTPS,"140.82.114.21:443 -> 192.168.253.11:51012"
"2025-11-24 18:09:58.054",HTTPS,"140.82.114.21:443 -> 192.168.253.11:51012"
"2025-11-24 18:10:13.059",desconhecido,"192.168.253.11:48864 -> 140.82.114.21:443"
"2025-11-24 18:10:13.267",HTTPS,"140.82.114.21:443 -> 192.168.253.11:48864"
"2025-11-24 18:10:13.285",desconhecido,"192.168.253.11:48864 -> 140.82.114.21:443"
"2025-11-24 18:10:13.335",desconhecido,"192.168.253.11:48864 -> 140.82.114.21:443"
"2025-11-24 18:10:13.472",HTTPS,"140.82.114.21:443 -> 192.168.253.11:48864"
"2025-11-24 18:10:13.499",HTTPS,"140.82.114.21:443 -> 192.168.253.11:48864"
"2025-11-24 18:10:13.542",HTTPS,"140.82.114.21:443 -> 192.168.253.11:48864"
"2025-11-24 18:10:13.591",HTTPS,"140.82.114.21:443 -> 192.168.253.11:48864"
"2025-11-24 18:10:13.627",desconhecido,"192.168.253.11:48864 -> 140.82.114.21:443"
"2025-11-24 18:10:13.664",desconhecido,"192.168.253.11:48864 -> 140.82.114.21:443"
"2025-11-24 18:10:13.704",desconhecido,"192.168.253.11:48864 -> 140.82.114.21:443"
"2025-11-24 18:10:13.748",HTTPS,"140.82.114.21:443 -> 192.168.253.11:48864"
"2025-11-24 18:10:13.788",desconhecido,"192.168.253.11:48864 -> 140.82.114.21:443"
"2025-11-24 18:10:13.829",desconhecido,"192.168.253.11:48864 -> 140.82.114.21:443"
"2025-11-24 18:10:13.869",desconhecido,"192.168.253.11:48864 -> 140.82.114.21:443"
"2025-11-24 18:10:13.902",HTTPS,"140.82.114.21:443 -> 192.168.253.11:48864"
"2025-11-24 18:10:13.943",HTTPS,"140.82.114.21:443 -> 192.168.253.11:48864"
"2025-11-24 18:10:13.986",HTTPS,"140.82.114.21:443 -> 192.168.253.11:48864"
"2025-11-24 18:10:14.024",desconhecido,"192.168.253.11:48864 -> 140.82.114.21:443"
"2025-11-24 18:10:14.092",HTTPS,"140.82.114.21:443 -> 192.168.253.11:48864"
"2025-11-24 18:10:14.109",HTTPS,"140.82.114.21:443 -> 192.168.253.11:48864"
"2025-11-24 18:10:14.153",HTTPS,"140.82.114.21:443 -> 192.168.253.11:48864"
"2025-11-24 18:10:14.190",desconhecido,"192.168.253.11:48864 -> 140.82.114.21:443"
"2025-11-24 18:10:14.226",desconhecido,"192.168.253.11:48864 -> 140.82.114.21:443"
"2025-11-24 18:10:14.261",desconhecido,"192.168.253.11:48864 -> 140.82.114.21:443"
"2025-11-24 18:10:14.299",HTTPS,"140.82.114.21:443 -> 192.168.253.11:48864"
"2025-11-24 18:10:16.647",desconhecido,"192.168.253.11:50268 -> 142.251.134.46:80"
"2025-11-24 18:10:16.681",HTTP,"142.251.134.46:80 -> 192.168.253.11:50268"
"2025-11-24 18:10:16.736",desconhecido,"192.168.253.11:50268 -> 142.251.134.46:80"
"2025-11-24 18:10:16.788",desconhecido,"192.168.253.11:50268 -> 142.251.134.46:80"
"2025-11-24 18:10:16.822",HTTP,"142.251.134.46:80 -> 192.168.253.11:50268"
"2025-11-24 18:10:16.854",HTTP,"142.251.134.46:80 -> 192.168.253.11:50268"
"2025-11-24 18:10:16.898",desconhecido,"192.168.253.11:50268 -> 142.251.134.46:80"
"2025-11-24 18:10:16.942",desconhecido,"192.168.253.11:50268 -> 142.251.134.46:80"
"2025-11-24 18:10:16.990",HTTP,"142.251.134.46:80 -> 192.168.253.11:50268"
"2025-11-24 18:10:17.037",desconhecido,"192.168.253.11:50268 -> 142.251.134.46:80"
"2025-11-24 18:10:21.162",NTP,"192.168.253.11:123 -> 143.107.229.211:123"
"2025-11-24 18:10:21.189",NTP,"143.107.229.211:123 -> 192.168.253.11:123"
"2025-11-24 18:10:23.161",NTP,"192.168.253.11:123 -> 200.160.0.8:123"
"2025-11-24 18:10:23.184",NTP,"192.168.253.11:123 -> 143.107.229.210:123"
"2025-11-24 18:10:23.226",NTP,"200.160.0.8:123 -> 192.168.253.11:123"
"2025-11-24 18:10:23.269",NTP,"143.107.229.210:123 -> 192.168.253.11:123"
"2025-11-24 18:10:26.161",NTP,"192.168.253.11:123 -> 216.238.106.159:123"
"2025-11-24 18:10:26.192",NTP,"216.238.106.159:123 -> 192.168.253.11:123"
"2025-11-24 18:10:28.161",NTP,"192.168.253.11:123 -> 200.160.7.186:123"
"2025-11-24 18:10:28.191",NTP,"200.160.7.186:123 -> 192.168.253.11:123"
"2025-11-24 18:10:29.696",desconhecido,"192.168.253.11:50900 -> 142.251.134.46:80"
"2025-11-24 18:10:29.718",HTTP,"142.251.134.46:80 -> 192.168.253.11:50900"
"2025-11-24 18:10:29.760",desconhecido,"192.168.253.11:50900 -> 142.251.134.46:80"
"2025-11-24 18:10:29.797",desconhecido,"192.168.253.11:50900 -> 142.251.134.46:80"
"2025-11-24 18:10:29.828",HTTP,"142.251.134.46:80 -> 192.168.253.11:50900"
"2025-11-24 18:10:29.859",HTTP,"142.251.134.46:80 -> 192.168.253.11:50900"
"2025-11-24 18:10:29.901",desconhecido,"192.168.253.11:50900 -> 142.251.134.46:80"
"2025-11-24 18:10:29.946",desconhecido,"192.168.253.11:50900 -> 142.251.134.46:80"
"2025-11-24 18:10:29.995",HTTP,"142.251.134.46:80 -> 192.168.253.11:50900"
"2025-11-24 18:10:30.032",desconhecido,"192.168.253.11:50900 -> 142.251.134.46:80"
"2025-11-24 18:10:31.161",NTP,"192.168.253.11:123 -> 91.189.91.157:123"
"2025-11-24 18:10:31.312",NTP,"91.189.91.157:123 -> 192.168.253.11:123"
"2025-11-24 18:10:33.622",desconhecido,"192.168.253.11:43196 -> 4.228.31.149:443"
"2025-11-24 18:10:33.646",HTTPS,"4.228.31.149:443 -> 192.168.253.11:43196"
"2025-11-24 18:10:33.686",desconhecido,"192.168.253.11:43196 -> 4.228.31.149:443"
"2025-11-24 18:10:33.724",desconhecido,"192.168.253.11:43196 -> 4.228.31.149:443"
"2025-11-24 18:10:33.770",HTTPS,"4.228.31.149:443 -> 192.168.253.11:43196"
"2025-11-24 18:10:33.811",HTTPS,"4.228.31.149:443 -> 192.168.253.11:43196"
"2025-11-24 18:10:33.852",HTTPS,"4.228.31.149:443 -> 192.168.253.11:43196"
"2025-11-24 18:10:33.892",HTTPS,"4.228.31.149:443 -> 192.168.253.11:43196"
"2025-11-24 18:10:33.932",desconhecido,"192.168.253.11:43196 -> 4.228.31.149:443"
"2025-11-24 18:10:33.975",desconhecido,"192.168.253.11:43196 -> 4.228.31.149:443"
"2025-11-24 18:10:34.018",desconhecido,"192.168.253.11:43196 -> 4.228.31.149:443"
"2025-11-24 18:10:34.060",desconhecido,"192.168.253.11:43196 -> 4.228.31.149:443"
"2025-11-24 18:10:34.102",HTTPS,"4.228.31.149:443 -> 192.168.253.11:43196"
"2025-11-24 18:10:34.140",desconhecido,"192.168.253.11:43196 -> 4.228.31.149:443"
"2025-11-24 18:10:34.177",HTTPS,"4.228.31.149:443 -> 192.168.253.11:43196"
"2025-11-24 18:10:34.212",desconhecido,"192.168.253.11:43196 -> 4.228.31.149:443"
"2025-11-24 18:10:34.252",HTTPS,"4.228.31.149:443 -> 192.168.253.11:43196"
"2025-11-24 18:10:34.294",HTTPS,"4.228.31.149:443 -> 192.168.253.11:43196"
"2025-11-24 18:10:34.338",desconhecido,"192.168.253.11:43196 -> 4.228.31.149:443"
"2025-11-24 18:10:34.380",desconhecido,"192.168.253.11:43196 -> 4.228.31.149:443"
"2025-11-24 18:10:34.421",desconhecido,"192.168.253.11:43196 -> 4.228.31.149:443"
"2025-11-24 18:10:34.459",HTTPS,"4.228.31.149:443 -> 192.168.253.11:43196"
"2025-11-24 18:10:34.499",HTTPS,"4.228.31.149:443 -> 192.168.253.11:43196"
"2025-11-24 18:10:34.541",NTP,"192.168.253.11:123 -> 200.160.7.197:123"
"2025-11-24 18:10:34.600",NTP,"200.160.7.197:123 -> 192.168.253.11:123"
"2025-11-24 18:10:42.162",NTP,"192.168.253.11:123 -> 168.181.126.108:123"
"2025-11-24 18:10:42.202",NTP,"168.181.126.108:123 -> 192.168.253.11:123"
"2025-11-24 18:10:50.757",desconhecido,"192.168.253.11:35664 -> 140.82.114.22:443"
"2025-11-24 18:10:50.956",HTTPS,"140.82.114.22:443 -> 192.168.253.11:35664"
"2025-11-24 18:10:50.975",desconhecido,"192.168.253.11:35664 -> 140.82.114.22:443"
"2025-11-24 18:10:51.025",desconhecido,"192.168.253.11:35664 -> 140.82.114.22:443"
"2025-11-24 18:10:51.109",HTTPS,"140.82.114.22:443 -> 192.168.253.11:35664"
"2025-11-24 18:10:51.126",HTTPS,"140.82.114.22:443 -> 192.168.253.11:35664"
"2025-11-24 18:10:51.158",HTTPS,"140.82.114.22:443 -> 192.168.253.11:35664"
"2025-11-24 18:10:51.194",desconhecido,"192.168.253.11:35664 -> 140.82.114.22:443"
"2025-11-24 18:10:51.235",desconhecido,"192.168.253.11:35664 -> 140.82.114.22:443"
"2025-11-24 18:10:51.276",HTTPS,"140.82.114.22:443 -> 192.168.253.11:35664"
"2025-11-24 18:10:51.321",desconhecido,"192.168.253.11:35664 -> 140.82.114.22:443"
"2025-11-24 18:10:51.359",desconhecido,"192.168.253.11:35664 -> 140.82.114.22:443"
"2025-11-24 18:10:51.418",HTTPS,"140.82.114.22:443 -> 192.168.253.11:35664"
"2025-11-24 18:10:51.450",HTTPS,"140.82.114.22:443 -> 192.168.253.11:35664"
"2025-11-24 18:10:51.493",desconhecido,"192.168.253.11:35664 -> 140.82.114.22:443"
"2025-11-24 18:10:51.653",HTTPS,"140.82.114.22:443 -> 192.168.253.11:35664"
"2025-11-24 18:10:51.679",HTTPS,"140.82.114.22:443 -> 192.168.253.11:35664"
"2025-11-24 18:10:51.733",HTTPS,"140.82.114.22:443 -> 192.168.253.11:35664"
"2025-11-24 18:10:51.789",desconhecido,"192.168.253.11:35664 -> 140.82.114.22:443"
"2025-11-24 18:10:51.838",desconhecido,"192.168.253.11:35664 -> 140.82.114.22:443"
"2025-11-24 18:10:51.887",desconhecido,"192.168.253.11:35664 -> 140.82.114.22:443"
"2025-11-24 18:10:51.924",desconhecido,"192.168.253.11:35664 -> 140.82.114.22:443"
"2025-11-24 18:10:51.965",HTTPS,"140.82.114.22:443 -> 192.168.253.11:35664"
"2025-11-24 18:10:52.007",HTTPS,"140.82.114.22:443 -> 192.168.253.11:35664"
"2025-11-24 18:11:30.162",NTP,"192.168.253.11:123 -> 143.107.229.211:123"
"2025-11-24 18:11:30.189",NTP,"192.168.253.11:123 -> 143.107.229.210:123"
"2025-11-24 18:11:30.253",NTP,"143.107.229.210:123 -> 192.168.253.11:123"
"2025-11-24 18:11:30.304",NTP,"143.107.229.211:123 -> 192.168.253.11:123"
"2025-11-24 18:11:30.348",desconhecido,"192.168.240.1:5353 -> 224.0.0.251:5353"
"2025-11-24 18:11:30.393",desconhecido,"fe80:0:0:0:802b:566d:cd1c:e958:5353 -> ff02:0:0:0:0:0:0:fb:5353"
"2025-11-24 18:11:30.431",desconhecido,"192.168.240.1:5353 -> 224.0.0.251:5353"
"2025-11-24 18:11:30.473",desconhecido,"fe80:0:0:0:802b:566d:cd1c:e958:5353 -> ff02:0:0:0:0:0:0:fb:5353"
"2025-11-24 18:11:31.162",NTP,"192.168.253.11:123 -> 200.160.0.8:123"
"2025-11-24 18:11:31.198",NTP,"200.160.0.8:123 -> 192.168.253.11:123"
"2025-11-24 18:11:31.284",desconhecido,"192.168.240.1:5353 -> 224.0.0.251:5353"
"2025-11-24 18:11:31.295",desconhecido,"fe80:0:0:0:802b:566d:cd1c:e958:5353 -> ff02:0:0:0:0:0:0:fb:5353"
"2025-11-24 18:11:31.337",desconhecido,"192.168.240.1:5353 -> 224.0.0.251:5353"
"2025-11-24 18:11:31.384",desconhecido,"fe80:0:0:0:802b:566d:cd1c:e958:5353 -> ff02:0:0:0:0:0:0:fb:5353"
"2025-11-24 18:11:33.162",NTP,"192.168.253.11:123 -> 216.238.106.159:123"
"2025-11-24 18:11:33.195",NTP,"216.238.106.159:123 -> 192.168.253.11:123"
"2025-11-24 18:11:33.299",desconhecido,"192.168.240.1:5353 -> 224.0.0.251:5353"
"2025-11-24 18:11:33.320",desconhecido,"fe80:0:0:0:802b:566d:cd1c:e958:5353 -> ff02:0:0:0:0:0:0:fb:5353"
"2025-11-24 18:11:33.372",desconhecido,"192.168.240.1:5353 -> 224.0.0.251:5353"
"2025-11-24 18:11:33.416",desconhecido,"fe80:0:0:0:802b:566d:cd1c:e958:5353 -> ff02:0:0:0:0:0:0:fb:5353"
"2025-11-24 18:11:36.162",NTP,"192.168.253.11:123 -> 91.189.91.157:123"
"2025-11-24 18:11:36.310",NTP,"91.189.91.157:123 -> 192.168.253.11:123"
"2025-11-24 18:11:37.162",NTP,"192.168.253.11:123 -> 200.160.7.186:123"
"2025-11-24 18:11:37.184",NTP,"200.160.7.186:123 -> 192.168.253.11:123"
"2025-11-24 18:11:43.161",NTP,"192.168.253.11:123 -> 200.160.7.197:123"
"2025-11-24 18:11:43.180",NTP,"200.160.7.197:123 -> 192.168.253.11:123"
"2025-11-24 18:11:51.161",NTP,"192.168.253.11:123 -> 168.181.126.108:123"
"2025-11-24 18:11:51.198",NTP,"168.181.126.108:123 -> 192.168.253.11:123"
"2025-11-24 18:12:33.990",desconhecido,"192.168.253.11:37154 -> 4.228.31.149:443"
"2025-11-24 18:12:34.016",HTTPS,"4.228.31.149:443 -> 192.168.253.11:37154"
"2025-11-24 18:12:34.062",desconhecido,"192.168.253.11:37154 -> 4.228.31.149:443"
"2025-11-24 18:12:34.095",desconhecido,"192.168.253.11:37154 -> 4.228.31.149:443"
"2025-11-24 18:12:34.130",HTTPS,"4.228.31.149:443 -> 192.168.253.11:37154"
"2025-11-24 18:12:34.171",HTTPS,"4.228.31.149:443 -> 192.168.253.11:37154"
"2025-11-24 18:12:34.212",HTTPS,"4.228.31.149:443 -> 192.168.253.11:37154"
"2025-11-24 18:12:34.253",desconhecido,"192.168.253.11:37154 -> 4.228.31.149:443"
"2025-11-24 18:12:34.296",desconhecido,"192.168.253.11:37154 -> 4.228.31.149:443"
"2025-11-24 18:12:34.342",desconhecido,"192.168.253.11:37154 -> 4.228.31.149:443"
"2025-11-24 18:12:34.379",HTTPS,"4.228.31.149:443 -> 192.168.253.11:37154"
"2025-11-24 18:12:34.413",desconhecido,"192.168.253.11:37154 -> 4.228.31.149:443"
"2025-11-24 18:12:34.454",HTTPS,"4.228.31.149:443 -> 192.168.253.11:37154"
"2025-11-24 18:12:34.491",desconhecido,"192.168.253.11:37154 -> 4.228.31.149:443"
"2025-11-24 18:12:34.527",HTTPS,"4.228.31.149:443 -> 192.168.253.11:37154"
"2025-11-24 18:12:34.568",HTTPS,"4.228.31.149:443 -> 192.168.253.11:37154"
"2025-11-24 18:12:34.616",HTTPS,"4.228.31.149:443 -> 192.168.253.11:37154"
"2025-11-24 18:12:34.654",desconhecido,"192.168.253.11:37154 -> 4.228.31.149:443"
"2025-11-24 18:12:34.678",desconhecido,"192.168.253.11:37154 -> 4.228.31.149:443"
"2025-11-24 18:12:34.702",desconhecido,"192.168.253.11:37154 -> 4.228.31.149:443"
"2025-11-24 18:12:34.729",desconhecido,"192.168.253.11:37154 -> 4.228.31.149:443"
"2025-11-24 18:12:34.763",HTTPS,"4.228.31.149:443 -> 192.168.253.11:37154"
"2025-11-24 18:12:34.795",HTTPS,"4.228.31.149:443 -> 192.168.253.11:37154"
"2025-11-24 18:12:36.161",NTP,"192.168.253.11:123 -> 143.107.229.210:123"
"2025-11-24 18:12:36.187",NTP,"143.107.229.210:123 -> 192.168.253.11:123"
"2025-11-24 18:12:39.161",NTP,"192.168.253.11:123 -> 200.160.0.8:123"
"2025-11-24 18:12:39.180",NTP,"192.168.253.11:123 -> 143.107.229.211:123"
"2025-11-24 18:12:39.235",NTP,"200.160.0.8:123 -> 192.168.253.11:123"
"2025-11-24 18:12:39.285",NTP,"143.107.229.211:123 -> 192.168.253.11:123"
"2025-11-24 18:12:41.162",NTP,"192.168.253.11:123 -> 91.189.91.157:123"
"2025-11-24 18:12:41.312",NTP,"91.189.91.157:123 -> 192.168.253.11:123"
"2025-11-24 18:12:42.161",NTP,"192.168.253.11:123 -> 216.238.106.159:123"
"2025-11-24 18:12:42.184",NTP,"216.238.106.159:123 -> 192.168.253.11:123"
"2025-11-24 18:12:46.162",NTP,"192.168.253.11:123 -> 200.160.7.186:123"
"2025-11-24 18:12:46.183",NTP,"200.160.7.186:123 -> 192.168.253.11:123"
"2025-11-24 18:12:49.161",NTP,"192.168.253.11:123 -> 200.160.7.197:123"
"2025-11-24 18:12:49.192",NTP,"200.160.7.197:123 -> 192.168.253.11:123"
"2025-11-24 18:12:52.550",desconhecido,"192.168.253.11:57876 -> 140.82.114.21:443"
"2025-11-24 18:12:52.703",HTTPS,"140.82.114.21:443 -> 192.168.253.11:57876"
"2025-11-24 18:12:52.727",desconhecido,"192.168.253.11:57876 -> 140.82.114.21:443"
"2025-11-24 18:12:52.771",desconhecido,"192.168.253.11:57876 -> 140.82.114.21:443"
"2025-11-24 18:12:52.861",HTTPS,"140.82.114.21:443 -> 192.168.253.11:57876"
"2025-11-24 18:12:52.881",HTTPS,"140.82.114.21:443 -> 192.168.253.11:57876"
"2025-11-24 18:12:52.927",HTTPS,"140.82.114.21:443 -> 192.168.253.11:57876"
"2025-11-24 18:12:52.969",HTTPS,"140.82.114.21:443 -> 192.168.253.11:57876"
"2025-11-24 18:12:53.007",desconhecido,"192.168.253.11:57876 -> 140.82.114.21:443"
"2025-11-24 18:12:53.046",desconhecido,"192.168.253.11:57876 -> 140.82.114.21:443"
"2025-11-24 18:12:53.083",desconhecido,"192.168.253.11:57876 -> 140.82.114.21:443"
"2025-11-24 18:12:53.121",HTTPS,"140.82.114.21:443 -> 192.168.253.11:57876"
"2025-11-24 18:12:53.163",desconhecido,"192.168.253.11:57876 -> 140.82.114.21:443"
"2025-11-24 18:12:53.207",desconhecido,"192.168.253.11:57876 -> 140.82.114.21:443"
"2025-11-24 18:12:53.253",desconhecido,"192.168.253.11:57876 -> 140.82.114.21:443"
"2025-11-24 18:12:53.283",HTTPS,"140.82.114.21:443 -> 192.168.253.11:57876"
"2025-11-24 18:12:53.322",HTTPS,"140.82.114.21:443 -> 192.168.253.11:57876"
"2025-11-24 18:12:53.362",desconhecido,"192.168.253.11:57876 -> 140.82.114.21:443"
"2025-11-24 18:12:53.402",desconhecido,"192.168.253.11:57876 -> 140.82.114.21:443"
"2025-11-24 18:12:53.438",HTTPS,"140.82.114.21:443 -> 192.168.253.11:57876"
"2025-11-24 18:12:53.476",HTTPS,"140.82.114.21:443 -> 192.168.253.11:57876"
"2025-11-24 18:12:53.517",desconhecido,"192.168.253.11:57876 -> 140.82.114.21:443"
"2025-11-24 18:12:59.161",NTP,"192.168.253.11:123 -> 168.181.126.108:123"
"2025-11-24 18:12:59.195",NTP,"168.181.126.108:123 -> 192.168.253.11:123"
"2025-11-24 18:13:06.337",desconhecido,"192.168.253.11:55756 -> 185.125.190.82:80"
"2025-11-24 18:13:06.545",HTTP,"185.125.190.82:80 -> 192.168.253.11:55756"
"2025-11-24 18:13:06.570",desconhecido,"192.168.253.11:55756 -> 185.125.190.82:80"
"2025-11-24 18:13:06.612",desconhecido,"192.168.253.11:55756 -> 185.125.190.82:80"
"2025-11-24 18:13:06.756",HTTP,"185.125.190.82:80 -> 192.168.253.11:55756"
"2025-11-24 18:13:06.781",HTTP,"185.125.190.82:80 -> 192.168.253.11:55756"
"2025-11-24 18:13:06.830",desconhecido,"192.168.253.11:55756 -> 185.125.190.82:80"
"2025-11-24 18:13:06.964",HTTP,"185.125.190.82:80 -> 192.168.253.11:55756"
"2025-11-24 18:13:06.987",desconhecido,"192.168.253.11:55756 -> 185.125.190.82:80"
"2025-11-24 18:13:07.065",HTTP,"185.125.190.82:80 -> 192.168.253.11:55756"
"2025-11-24 18:13:07.090",desconhecido,"192.168.253.11:55756 -> 185.125.190.82:80"
"2025-11-24 18:13:07.121",HTTP,"185.125.190.82:80 -> 192.168.253.11:55756"
"2025-11-24 18:13:07.149",desconhecido,"192.168.253.11:55756 -> 185.125.190.82:80"
"2025-11-24 18:13:07.182",HTTP,"185.125.190.82:80 -> 192.168.253.11:55756"
"2025-11-24 18:13:07.220",desconhecido,"192.168.253.11:55756 -> 185.125.190.82:80"
"2025-11-24 18:13:07.253",HTTP,"185.125.190.82:80 -> 192.168.253.11:55756"
"2025-11-24 18:13:07.287",desconhecido,"192.168.253.11:55756 -> 185.125.190.82:80"
"2025-11-24 18:13:07.317",HTTP,"185.125.190.82:80 -> 192.168.253.11:55756"
"2025-11-24 18:13:07.343",desconhecido,"192.168.253.11:55756 -> 185.125.190.82:80"
"2025-11-24 18:13:07.373",HTTP,"185.125.190.82:80 -> 192.168.253.11:55756"
"2025-11-24 18:13:07.401",desconhecido,"192.168.253.11:55756 -> 185.125.190.82:80"
"2025-11-24 18:13:07.432",HTTP,"185.125.190.82:80 -> 192.168.253.11:55756"
"2025-11-24 18:13:07.457",desconhecido,"192.168.253.11:55756 -> 185.125.190.82:80"
"2025-11-24 18:13:07.483",HTTP,"185.125.190.82:80 -> 192.168.253.11:55756"
"2025-11-24 18:13:07.512",desconhecido,"192.168.253.11:55756 -> 185.125.190.82:80"
"2025-11-24 18:13:07.539",HTTP,"185.125.190.82:80 -> 192.168.253.11:55756"
"2025-11-24 18:13:07.579",desconhecido,"192.168.253.11:55756 -> 185.125.190.82:80"
"2025-11-24 18:13:07.620",HTTP,"185.125.190.82:80 -> 192.168.253.11:55756"
"2025-11-24 18:13:07.658",desconhecido,"192.168.253.11:55756 -> 185.125.190.82:80"
"2025-11-24 18:13:07.685",HTTP,"185.125.190.82:80 -> 192.168.253.11:55756"
"2025-11-24 18:13:07.714",desconhecido,"192.168.253.11:55756 -> 185.125.190.82:80"
"2025-11-24 18:13:07.746",HTTP,"185.125.190.82:80 -> 192.168.253.11:55756"
"2025-11-24 18:13:07.775",desconhecido,"192.168.253.11:55756 -> 185.125.190.82:80"
"2025-11-24 18:13:07.801",HTTP,"185.125.190.82:80 -> 192.168.253.11:55756"
"2025-11-24 18:13:07.830",desconhecido,"192.168.253.11:55756 -> 185.125.190.82:80"
"2025-11-24 18:13:07.857",HTTP,"185.125.190.82:80 -> 192.168.253.11:55756"
"2025-11-24 18:13:07.884",desconhecido,"192.168.253.11:55756 -> 185.125.190.82:80"
"2025-11-24 18:13:07.905",HTTP,"185.125.190.82:80 -> 192.168.253.11:55756"
"2025-11-24 18:13:07.925",desconhecido,"192.168.253.11:55756 -> 185.125.190.82:80"
"2025-11-24 18:13:07.953",HTTP,"185.125.190.82:80 -> 192.168.253.11:55756"
"2025-11-24 18:13:07.988",desconhecido,"192.168.253.11:55756 -> 185.125.190.82:80"
"2025-11-24 18:13:08.030",HTTP,"185.125.190.82:80 -> 192.168.253.11:55756"
"2025-11-24 18:13:08.071",desconhecido,"192.168.253.11:55756 -> 185.125.190.82:80"
"2025-11-24 18:13:08.098",HTTP,"185.125.190.82:80 -> 192.168.253.11:55756"
"2025-11-24 18:13:08.126",desconhecido,"192.168.253.11:55756 -> 185.125.190.82:80"
"2025-11-24 18:13:08.154",HTTP,"185.125.190.82:80 -> 192.168.253.11:55756"
"2025-11-24 18:13:08.187",desconhecido,"192.168.253.11:55756 -> 185.125.190.82:80"
"2025-11-24 18:13:08.221",HTTP,"185.125.190.82:80 -> 192.168.253.11:55756"
"2025-11-24 18:13:08.250",desconhecido,"192.168.253.11:55756 -> 185.125.190.82:80"
"2025-11-24 18:13:08.282",HTTP,"185.125.190.82:80 -> 192.168.253.11:55756"
"2025-11-24 18:13:08.316",desconhecido,"192.168.253.11:55756 -> 185.125.190.82:80"
"2025-11-24 18:13:08.346",HTTP,"185.125.190.82:80 -> 192.168.253.11:55756"
"2025-11-24 18:13:08.384",desconhecido,"192.168.253.11:55756 -> 185.125.190.82:80"
"2025-11-24 18:13:08.420",HTTP,"185.125.190.82:80 -> 192.168.253.11:55756"
"2025-11-24 18:13:08.443",desconhecido,"192.168.253.11:55756 -> 185.125.190.82:80"
"2025-11-24 18:13:08.482",HTTP,"185.125.190.82:80 -> 192.168.253.11:55756"
"2025-11-24 18:13:08.529",desconhecido,"192.168.253.11:55756 -> 185.125.190.82:80"
"2025-11-24 18:13:08.572",HTTP,"185.125.190.82:80 -> 192.168.253.11:55756"
"2025-11-24 18:13:08.622",desconhecido,"192.168.253.11:55756 -> 185.125.190.82:80"
"2025-11-24 18:13:08.666",HTTP,"185.125.190.82:80 -> 192.168.253.11:55756"
"2025-11-24 18:13:08.702",desconhecido,"192.168.253.11:55756 -> 185.125.190.82:80"
"2025-11-24 18:13:08.738",HTTP,"185.125.190.82:80 -> 192.168.253.11:55756"
"2025-11-24 18:13:08.769",desconhecido,"192.168.253.11:55756 -> 185.125.190.82:80"
"2025-11-24 18:13:08.800",HTTP,"185.125.190.82:80 -> 192.168.253.11:55756"
"2025-11-24 18:13:08.828",desconhecido,"192.168.253.11:55756 -> 185.125.190.82:80"
"2025-11-24 18:13:08.866",HTTP,"185.125.190.82:80 -> 192.168.253.11:55756"
"2025-11-24 18:13:08.899",desconhecido,"192.168.253.11:55756 -> 185.125.190.82:80"
"2025-11-24 18:13:08.941",HTTP,"185.125.190.82:80 -> 192.168.253.11:55756"
"2025-11-24 18:13:08.979",desconhecido,"192.168.253.11:55756 -> 185.125.190.82:80"
"2025-11-24 18:13:09.013",HTTP,"185.125.190.82:80 -> 192.168.253.11:55756"
"2025-11-24 18:13:09.044",desconhecido,"192.168.253.11:55756 -> 185.125.190.82:80"
"2025-11-24 18:13:09.074",HTTP,"185.125.190.82:80 -> 192.168.253.11:55756"
"2025-11-24 18:13:09.113",desconhecido,"192.168.253.11:55756 -> 185.125.190.82:80"
"2025-11-24 18:13:09.147",HTTP,"185.125.190.82:80 -> 192.168.253.11:55756"
"2025-11-24 18:13:09.185",desconhecido,"192.168.253.11:55756 -> 185.125.190.82:80"
"2025-11-24 18:13:09.221",HTTP,"185.125.190.82:80 -> 192.168.253.11:55756"
"2025-11-24 18:13:09.259",desconhecido,"192.168.253.11:55756 -> 185.125.190.82:80"
"2025-11-24 18:13:09.296",HTTP,"185.125.190.82:80 -> 192.168.253.11:55756"
"2025-11-24 18:13:09.329",desconhecido,"192.168.253.11:55756 -> 185.125.190.82:80"
"2025-11-24 18:13:09.361",HTTP,"185.125.190.82:80 -> 192.168.253.11:55756"
"2025-11-24 18:13:09.395",desconhecido,"192.168.253.11:55756 -> 185.125.190.82:80"
"2025-11-24 18:13:09.427",HTTP,"185.125.190.82:80 -> 192.168.253.11:55756"
"2025-11-24 18:13:09.462",desconhecido,"192.168.253.11:55756 -> 185.125.190.82:80"
"2025-11-24 18:13:09.499",HTTP,"185.125.190.82:80 -> 192.168.253.11:55756"
"2025-11-24 18:13:09.535",desconhecido,"192.168.253.11:55756 -> 185.125.190.82:80"
"2025-11-24 18:13:09.578",HTTP,"185.125.190.82:80 -> 192.168.253.11:55756"
"2025-11-24 18:13:09.619",desconhecido,"192.168.253.11:55756 -> 185.125.190.82:80"
"2025-11-24 18:13:09.657",HTTP,"185.125.190.82:80 -> 192.168.253.11:55756"
"2025-11-24 18:13:09.692",desconhecido,"192.168.253.11:55756 -> 185.125.190.82:80"
"2025-11-24 18:13:09.729",HTTP,"185.125.190.82:80 -> 192.168.253.11:55756"
"2025-11-24 18:13:09.766",desconhecido,"192.168.253.11:55756 -> 185.125.190.82:80"
"2025-11-24 18:13:09.802",HTTP,"185.125.190.82:80 -> 192.168.253.11:55756"
"2025-11-24 18:13:09.840",desconhecido,"192.168.253.11:55756 -> 185.125.190.82:80"
"2025-11-24 18:13:09.876",HTTP,"185.125.190.82:80 -> 192.168.253.11:55756"
"2025-11-24 18:13:09.916",desconhecido,"192.168.253.11:55756 -> 185.125.190.82:80"
"2025-11-24 18:13:09.957",HTTP,"185.125.190.82:80 -> 192.168.253.11:55756"
"2025-11-24 18:13:10.001",desconhecido,"192.168.253.11:55756 -> 185.125.190.82:80"
"2025-11-24 18:13:10.046",HTTP,"185.125.190.82:80 -> 192.168.253.11:55756"
"2025-11-24 18:13:10.089",desconhecido,"192.168.253.11:55756 -> 185.125.190.82:80"
"2025-11-24 18:13:10.132",HTTP,"185.125.190.82:80 -> 192.168.253.11:55756"
"2025-11-24 18:13:10.175",desconhecido,"192.168.253.11:55756 -> 185.125.190.82:80"
"2025-11-24 18:13:10.209",HTTP,"185.125.190.82:80 -> 192.168.253.11:55756"
"2025-11-24 18:13:10.235",desconhecido,"192.168.253.11:55756 -> 185.125.190.82:80"
"2025-11-24 18:13:10.268",HTTP,"185.125.190.82:80 -> 192.168.253.11:55756"
"2025-11-24 18:13:10.307",desconhecido,"192.168.253.11:55756 -> 185.125.190.82:80"
"2025-11-24 18:13:10.349",HTTP,"185.125.190.82:80 -> 192.168.253.11:55756"
"2025-11-24 18:13:10.387",desconhecido,"192.168.253.11:55756 -> 185.125.190.82:80"
"2025-11-24 18:13:10.427",HTTP,"185.125.190.82:80 -> 192.168.253.11:55756"
"2025-11-24 18:13:10.460",desconhecido,"192.168.253.11:55756 -> 185.125.190.82:80"
"2025-11-24 18:13:10.502",HTTP,"185.125.190.82:80 -> 192.168.253.11:55756"
"2025-11-24 18:13:10.542",desconhecido,"192.168.253.11:55756 -> 185.125.190.82:80"
"2025-11-24 18:13:10.587",HTTP,"185.125.190.82:80 -> 192.168.253.11:55756"
"2025-11-24 18:13:10.629",desconhecido,"192.168.253.11:55756 -> 185.125.190.82:80"
"2025-11-24 18:13:10.674",HTTP,"185.125.190.82:80 -> 192.168.253.11:55756"
"2025-11-24 18:13:10.718",desconhecido,"192.168.253.11:55756 -> 185.125.190.82:80"
"2025-11-24 18:13:10.768",HTTP,"185.125.190.82:80 -> 192.168.253.11:55756"
"2025-11-24 18:13:10.794",desconhecido,"192.168.253.11:55756 -> 185.125.190.82:80"
"2025-11-24 18:13:10.839",HTTP,"185.125.190.82:80 -> 192.168.253.11:55756"
"2025-11-24 18:13:10.881",desconhecido,"192.168.253.11:55756 -> 185.125.190.82:80"
"2025-11-24 18:13:10.926",HTTP,"185.125.190.82:80 -> 192.168.253.11:55756"
"2025-11-24 18:13:10.968",desconhecido,"192.168.253.11:55756 -> 185.125.190.82:80"
"2025-11-24 18:13:11.011",HTTP,"185.125.190.82:80 -> 192.168.253.11:55756"
"2025-11-24 18:13:11.057",desconhecido,"192.168.253.11:55756 -> 185.125.190.82:80"
"2025-11-24 18:13:11.108",HTTP,"185.125.190.82:80 -> 192.168.253.11:55756"
"2025-11-24 18:13:11.159",desconhecido,"192.168.253.11:55756 -> 185.125.190.82:80"
"2025-11-24 18:13:11.210",HTTP,"185.125.190.82:80 -> 192.168.253.11:55756"
"2025-11-24 18:13:11.256",desconhecido,"192.168.253.11:55756 -> 185.125.190.82:80"
"2025-11-24 18:13:11.309",HTTP,"185.125.190.82:80 -> 192.168.253.11:55756"
"2025-11-24 18:13:11.355",desconhecido,"192.168.253.11:55756 -> 185.125.190.82:80"
"2025-11-24 18:13:11.392",HTTP,"185.125.190.82:80 -> 192.168.253.11:55756"
"2025-11-24 18:13:11.439",desconhecido,"192.168.253.11:55756 -> 185.125.190.82:80"
"2025-11-24 18:13:11.487",HTTP,"185.125.190.82:80 -> 192.168.253.11:55756"
"2025-11-24 18:13:11.536",desconhecido,"192.168.253.11:55756 -> 185.125.190.82:80"
"2025-11-24 18:13:11.577",HTTP,"185.125.190.82:80 -> 192.168.253.11:55756"
"2025-11-24 18:13:11.619",desconhecido,"192.168.253.11:55756 -> 185.125.190.82:80"
"2025-11-24 18:13:11.662",HTTP,"185.125.190.82:80 -> 192.168.253.11:55756"
"2025-11-24 18:13:11.709",desconhecido,"192.168.253.11:55756 -> 185.125.190.82:80"
"2025-11-24 18:13:11.756",HTTP,"185.125.190.82:80 -> 192.168.253.11:55756"
"2025-11-24 18:13:11.802",desconhecido,"192.168.253.11:55756 -> 185.125.190.82:80"
"2025-11-24 18:13:11.845",HTTP,"185.125.190.82:80 -> 192.168.253.11:55756"
"2025-11-24 18:13:11.888",desconhecido,"192.168.253.11:55756 -> 185.125.190.82:80"
"2025-11-24 18:13:11.933",HTTP,"185.125.190.82:80 -> 192.168.253.11:55756"
"2025-11-24 18:13:11.977",desconhecido,"192.168.253.11:55756 -> 185.125.190.82:80"
"2025-11-24 18:13:12.024",HTTP,"185.125.190.82:80 -> 192.168.253.11:55756"
"2025-11-24 18:13:12.071",desconhecido,"192.168.253.11:55756 -> 185.125.190.82:80"
"2025-11-24 18:13:12.120",HTTP,"185.125.190.82:80 -> 192.168.253.11:55756"
"2025-11-24 18:13:12.165",desconhecido,"192.168.253.11:55756 -> 185.125.190.82:80"
"2025-11-24 18:13:12.213",HTTP,"185.125.190.82:80 -> 192.168.253.11:55756"
"2025-11-24 18:13:12.256",desconhecido,"192.168.253.11:55756 -> 185.125.190.82:80"
"2025-11-24 18:13:12.297",HTTP,"185.125.190.82:80 -> 192.168.253.11:55756"
"2025-11-24 18:13:12.343",desconhecido,"192.168.253.11:55756 -> 185.125.190.82:80"
"2025-11-24 18:13:12.394",HTTP,"185.125.190.82:80 -> 192.168.253.11:55756"
"2025-11-24 18:13:12.448",desconhecido,"192.168.253.11:55756 -> 185.125.190.82:80"
"2025-11-24 18:13:12.497",HTTP,"185.125.190.82:80 -> 192.168.253.11:55756"
"2025-11-24 18:13:12.550",desconhecido,"192.168.253.11:55756 -> 185.125.190.82:80"
"2025-11-24 18:13:12.596",HTTP,"185.125.190.82:80 -> 192.168.253.11:55756"
"2025-11-24 18:13:12.640",desconhecido,"192.168.253.11:55756 -> 185.125.190.82:80"
"2025-11-24 18:13:12.689",HTTP,"185.125.190.82:80 -> 192.168.253.11:55756"
"2025-11-24 18:13:12.738",desconhecido,"192.168.253.11:55756 -> 185.125.190.82:80"
"2025-11-24 18:13:12.783",HTTP,"185.125.190.82:80 -> 192.168.253.11:55756"
"2025-11-24 18:13:12.827",desconhecido,"192.168.253.11:55756 -> 185.125.190.82:80"
"2025-11-24 18:13:12.875",HTTP,"185.125.190.82:80 -> 192.168.253.11:55756"
"2025-11-24 18:13:12.925",desconhecido,"192.168.253.11:55756 -> 185.125.190.82:80"
"2025-11-24 18:13:12.957",HTTP,"185.125.190.82:80 -> 192.168.253.11:55756"
"2025-11-24 18:13:12.987",desconhecido,"192.168.253.11:55756 -> 185.125.190.82:80"
"2025-11-24 18:13:13.023",HTTP,"185.125.190.82:80 -> 192.168.253.11:55756"
"2025-11-24 18:13:13.065",desconhecido,"192.168.253.11:55756 -> 185.125.190.82:80"
"2025-11-24 18:13:13.107",HTTP,"185.125.190.82:80 -> 192.168.253.11:55756"
"2025-11-24 18:13:13.150",desconhecido,"192.168.253.11:55756 -> 185.125.190.82:80"
"2025-11-24 18:13:13.193",HTTP,"185.125.190.82:80 -> 192.168.253.11:55756"
"2025-11-24 18:13:13.236",desconhecido,"192.168.253.11:55756 -> 185.125.190.82:80"
"2025-11-24 18:13:13.282",HTTP,"185.125.190.82:80 -> 192.168.253.11:55756"
"2025-11-24 18:13:13.328",desconhecido,"192.168.253.11:55756 -> 185.125.190.82:80"
"2025-11-24 18:13:13.366",HTTP,"185.125.190.82:80 -> 192.168.253.11:55756"
"2025-11-24 18:13:13.407",desconhecido,"192.168.253.11:55756 -> 185.125.190.82:80"
"2025-11-24 18:13:13.450",HTTP,"185.125.190.82:80 -> 192.168.253.11:55756"
"2025-11-24 18:13:13.484",desconhecido,"192.168.253.11:55756 -> 185.125.190.82:80"
"2025-11-24 18:13:13.517",HTTP,"185.125.190.82:80 -> 192.168.253.11:55756"
"2025-11-24 18:13:13.555",desconhecido,"192.168.253.11:55756 -> 185.125.190.82:80"
"2025-11-24 18:13:13.592",HTTP,"185.125.190.82:80 -> 192.168.253.11:55756"
"2025-11-24 18:13:13.633",desconhecido,"192.168.253.11:55756 -> 185.125.190.82:80"
"2025-11-24 18:13:13.686",HTTP,"185.125.190.82:80 -> 192.168.253.11:55756"
"2025-11-24 18:13:13.735",desconhecido,"192.168.253.11:55756 -> 185.125.190.82:80"
"2025-11-24 18:13:13.782",HTTP,"185.125.190.82:80 -> 192.168.253.11:55756"
"2025-11-24 18:13:13.815",HTTP,"185.125.190.82:80 -> 192.168.253.11:55756"
"2025-11-24 18:13:13.850",desconhecido,"192.168.253.11:55756 -> 185.125.190.82:80"
"2025-11-24 18:13:13.880",HTTP,"185.125.190.82:80 -> 192.168.253.11:55756"
"2025-11-24 18:13:13.920",HTTP,"185.125.190.82:80 -> 192.168.253.11:55756"
"2025-11-24 18:13:13.957",HTTP,"185.125.190.82:80 -> 192.168.253.11:55756"
"2025-11-24 18:13:14.001",desconhecido,"192.168.253.11:55756 -> 185.125.190.82:80"
"2025-11-24 18:13:14.049",desconhecido,"192.168.253.11:55756 -> 185.125.190.82:80"
"2025-11-24 18:13:14.095",HTTP,"185.125.190.82:80 -> 192.168.253.11:55756"
"2025-11-24 18:13:14.137",HTTP,"185.125.190.82:80 -> 192.168.253.11:55756"
"2025-11-24 18:13:14.159",desconhecido,"192.168.253.11:55756 -> 185.125.190.82:80"
"2025-11-24 18:13:14.192",DHCP,"0.0.0.0:68 -> 255.255.255.255:67"
"2025-11-24 18:13:16.082",DHCP,"0.0.0.0:68 -> 255.255.255.255:67"
"2025-11-24 18:13:20.013",DHCP,"0.0.0.0:68 -> 255.255.255.255:67"
"2025-11-24 18:13:45.161",NTP,"192.168.253.11:123 -> 143.107.229.210:123"
"2025-11-24 18:13:45.185",NTP,"143.107.229.210:123 -> 192.168.253.11:123"
"2025-11-24 18:13:46.162",NTP,"192.168.253.11:123 -> 200.160.0.8:123"
"2025-11-24 18:13:46.187",NTP,"192.168.253.11:123 -> 91.189.91.157:123"
"2025-11-24 18:13:46.238",NTP,"200.160.0.8:123 -> 192.168.253.11:123"
"2025-11-24 18:13:46.310",NTP,"91.189.91.157:123 -> 192.168.253.11:123"
"2025-11-24 18:13:47.161",NTP,"192.168.253.11:123 -> 143.107.229.211:123"
"2025-11-24 18:13:47.187",NTP,"143.107.229.211:123 -> 192.168.253.11:123"
"2025-11-24 18:13:49.161",NTP,"192.168.253.11:123 -> 216.238.106.159:123"
"2025-11-24 18:13:49.185",NTP,"216.238.106.159:123 -> 192.168.253.11:123"
"2025-11-24 18:13:53.161",NTP,"192.168.253.11:123 -> 200.160.7.186:123"
"2025-11-24 18:13:53.186",NTP,"200.160.7.186:123 -> 192.168.253.11:123"
"2025-11-24 18:13:54.354",desconhecido,"192.168.253.11:57876 -> 140.82.114.21:443"
"2025-11-24 18:13:54.506",HTTPS,"140.82.114.21:443 -> 192.168.253.11:57876"
"2025-11-24 18:13:57.161",NTP,"192.168.253.11:123 -> 200.160.7.197:123"
"2025-11-24 18:13:57.180",NTP,"200.160.7.197:123 -> 192.168.253.11:123"
"2025-11-24 18:14:05.161",NTP,"192.168.253.11:123 -> 168.181.126.108:123"
"2025-11-24 18:14:05.195",NTP,"168.181.126.108:123 -> 192.168.253.11:123"
"2025-11-24 18:34:29.189",NTP,"192.168.253.11:123 -> 91.189.91.157:123"
"2025-11-24 18:34:29.311",NTP,"91.189.91.157:123 -> 192.168.253.11:123"
"2025-11-24 18:34:53.297",HTTPS,"140.82.114.21:443 -> 192.168.253.11:48240"
"2025-11-24 18:34:53.311",desconhecido,"192.168.253.11:48240 -> 140.82.114.21:443"
"2025-11-24 18:34:53.345",desconhecido,"192.168.253.11:48240 -> 140.82.114.21:443"
"2025-11-24 18:34:53.452",HTTPS,"140.82.114.21:443 -> 192.168.253.11:48240"
"2025-11-24 18:34:53.470",HTTPS,"140.82.114.21:443 -> 192.168.253.11:48240"
"2025-11-24 18:34:53.520",desconhecido,"192.168.253.11:48240 -> 140.82.114.21:443"
"2025-11-24 18:34:53.566",desconhecido,"192.168.253.11:48240 -> 140.82.114.21:443"
"2025-11-24 18:34:55.766",desconhecido,"192.168.253.11:54568 -> 4.228.31.149:443"
"2025-11-24 18:34:55.792",HTTPS,"4.228.31.149:443 -> 192.168.253.11:54568"
"2025-11-24 18:34:55.844",desconhecido,"192.168.253.11:54568 -> 4.228.31.149:443"
"2025-11-24 18:34:55.883",desconhecido,"192.168.253.11:54568 -> 4.228.31.149:443"
"2025-11-24 18:34:55.924",HTTPS,"4.228.31.149:443 -> 192.168.253.11:54568"
"2025-11-24 18:34:55.965",HTTPS,"4.228.31.149:443 -> 192.168.253.11:54568"
"2025-11-24 18:34:56.008",HTTPS,"4.228.31.149:443 -> 192.168.253.11:54568"
"2025-11-24 18:34:56.048",desconhecido,"192.168.253.11:54568 -> 4.228.31.149:443"
"2025-11-24 18:34:56.088",desconhecido,"192.168.253.11:54568 -> 4.228.31.149:443"
"2025-11-24 18:34:56.126",desconhecido,"192.168.253.11:54568 -> 4.228.31.149:443"
"2025-11-24 18:34:56.168",HTTPS,"4.228.31.149:443 -> 192.168.253.11:54568"
"2025-11-24 18:34:56.209",HTTPS,"4.228.31.149:443 -> 192.168.253.11:54568"
"2025-11-24 18:34:56.247",desconhecido,"192.168.253.11:54568 -> 4.228.31.149:443"
"2025-11-24 18:34:56.291",HTTPS,"4.228.31.149:443 -> 192.168.253.11:54568"
"2025-11-24 18:34:56.338",HTTPS,"4.228.31.149:443 -> 192.168.253.11:54568"
"2025-11-24 18:34:56.379",HTTPS,"4.228.31.149:443 -> 192.168.253.11:54568"
"2025-11-24 18:34:56.429",desconhecido,"192.168.253.11:54568 -> 4.228.31.149:443"
"2025-11-24 18:34:56.471",desconhecido,"192.168.253.11:54568 -> 4.228.31.149:443"
"2025-11-24 18:34:56.519",desconhecido,"192.168.253.11:54568 -> 4.228.31.149:443"
"2025-11-24 18:34:56.556",HTTPS,"4.228.31.149:443 -> 192.168.253.11:54568"
"2025-11-24 18:34:56.600",HTTPS,"4.228.31.149:443 -> 192.168.253.11:54568"
"2025-11-24 18:35:05.162",NTP,"192.168.253.11:123 -> 143.107.229.210:123"
"2025-11-24 18:35:05.197",NTP,"143.107.229.210:123 -> 192.168.253.11:123"
"2025-11-24 18:35:10.161",NTP,"192.168.253.11:123 -> 143.107.229.211:123"
"2025-11-24 18:35:10.186",NTP,"143.107.229.211:123 -> 192.168.253.11:123"
"2025-11-24 18:35:11.162",NTP,"192.168.253.11:123 -> 200.160.0.8:123"
"2025-11-24 18:35:11.189",NTP,"200.160.0.8:123 -> 192.168.253.11:123"
"2025-11-24 18:35:17.162",NTP,"192.168.253.11:123 -> 200.160.7.186:123"
"2025-11-24 18:35:17.189",NTP,"200.160.7.186:123 -> 192.168.253.11:123"
"2025-11-24 18:35:18.161",NTP,"192.168.253.11:123 -> 216.238.106.159:123"
"2025-11-24 18:35:18.184",NTP,"216.238.106.159:123 -> 192.168.253.11:123"
"2025-11-24 18:35:20.162",NTP,"192.168.253.11:123 -> 200.160.7.197:123"
"2025-11-24 18:35:20.192",NTP,"200.160.7.197:123 -> 192.168.253.11:123"
"2025-11-24 18:35:23.162",NTP,"192.168.253.11:123 -> 168.181.126.108:123"
"2025-11-24 18:35:23.198",NTP,"168.181.126.108:123 -> 192.168.253.11:123"
"2025-11-24 18:35:29.659",desconhecido,"192.168.253.11:43636 -> 13.107.5.93:443"
"2025-11-24 18:35:29.680",HTTPS,"13.107.5.93:443 -> 192.168.253.11:43636"
"2025-11-24 18:35:29.722",desconhecido,"192.168.253.11:43636 -> 13.107.5.93:443"
"2025-11-24 18:35:29.756",desconhecido,"192.168.253.11:43636 -> 13.107.5.93:443"
"2025-11-24 18:35:29.790",HTTPS,"13.107.5.93:443 -> 192.168.253.11:43636"
"2025-11-24 18:35:29.827",HTTPS,"13.107.5.93:443 -> 192.168.253.11:43636"
"2025-11-24 18:35:29.869",desconhecido,"192.168.253.11:43636 -> 13.107.5.93:443"
"2025-11-24 18:35:29.907",desconhecido,"192.168.253.11:43636 -> 13.107.5.93:443"
"2025-11-24 18:35:29.948",HTTPS,"13.107.5.93:443 -> 192.168.253.11:43636"
"2025-11-24 18:35:29.987",HTTPS,"13.107.5.93:443 -> 192.168.253.11:43636"
"2025-11-24 18:35:30.036",HTTPS,"13.107.5.93:443 -> 192.168.253.11:43636"
"2025-11-24 18:35:30.083",desconhecido,"192.168.253.11:43636 -> 13.107.5.93:443"
"2025-11-24 18:35:30.124",desconhecido,"192.168.253.11:43636 -> 13.107.5.93:443"
"2025-11-24 18:35:30.168",HTTPS,"13.107.5.93:443 -> 192.168.253.11:43636"
"2025-11-24 18:35:30.208",HTTPS,"13.107.5.93:443 -> 192.168.253.11:43636"
"2025-11-24 18:35:30.246",desconhecido,"192.168.253.11:43636 -> 13.107.5.93:443"
"2025-11-24 18:35:30.285",HTTPS,"13.107.5.93:443 -> 192.168.253.11:43636"
"2025-11-24 18:35:30.327",HTTPS,"13.107.5.93:443 -> 192.168.253.11:43636"
"2025-11-24 18:35:30.368",HTTPS,"13.107.5.93:443 -> 192.168.253.11:43636"
"2025-11-24 18:35:30.409",desconhecido,"192.168.253.11:43636 -> 13.107.5.93:443"
"2025-11-24 18:35:30.454",desconhecido,"192.168.253.11:43636 -> 13.107.5.93:443"
"2025-11-24 18:35:30.494",desconhecido,"192.168.253.11:43636 -> 13.107.5.93:443"
"2025-11-24 18:35:33.162",NTP,"192.168.253.11:123 -> 91.189.91.157:123"
"2025-11-24 18:35:33.311",NTP,"91.189.91.157:123 -> 192.168.253.11:123"
"2025-11-24 18:35:33.876",desconhecido,"192.168.253.11:43636 -> 13.107.5.93:443"
"2025-11-24 18:35:33.899",HTTPS,"13.107.5.93:443 -> 192.168.253.11:43636"
"2025-11-24 18:35:33.953",HTTPS,"13.107.5.93:443 -> 192.168.253.11:43636"
"2025-11-24 18:35:34.003",desconhecido,"192.168.253.11:43636 -> 13.107.5.93:443"
"2025-11-24 18:36:07.913",DHCP,"0.0.0.0:68 -> 255.255.255.255:67"
"2025-11-24 18:36:10.989",DHCP,"0.0.0.0:68 -> 255.255.255.255:67"
"2025-11-24 18:36:14.164",NTP,"192.168.253.11:123 -> 143.107.229.210:123"
"2025-11-24 18:36:14.190",NTP,"143.107.229.210:123 -> 192.168.253.11:123"
"2025-11-24 18:36:16.773",DHCP,"0.0.0.0:68 -> 255.255.255.255:67"
"2025-11-24 18:36:18.161",NTP,"192.168.253.11:123 -> 200.160.0.8:123"
"2025-11-24 18:36:18.180",NTP,"200.160.0.8:123 -> 192.168.253.11:123"
"2025-11-24 18:36:19.161",NTP,"192.168.253.11:123 -> 143.107.229.211:123"
"2025-11-24 18:36:19.188",NTP,"143.107.229.211:123 -> 192.168.253.11:123"
"2025-11-24 18:36:22.161",NTP,"192.168.253.11:123 -> 216.238.106.159:123"
"2025-11-24 18:36:22.186",NTP,"216.238.106.159:123 -> 192.168.253.11:123"
"2025-11-24 18:36:25.161",NTP,"192.168.253.11:123 -> 200.160.7.186:123"
"2025-11-24 18:36:25.182",NTP,"192.168.253.11:123 -> 200.160.7.197:123"
"2025-11-24 18:36:25.245",NTP,"200.160.7.197:123 -> 192.168.253.11:123"
"2025-11-24 18:36:25.296",NTP,"200.160.7.186:123 -> 192.168.253.11:123"
"2025-11-24 18:36:29.162",NTP,"192.168.253.11:123 -> 168.181.126.108:123"
"2025-11-24 18:36:29.195",NTP,"168.181.126.108:123 -> 192.168.253.11:123"
"2025-11-24 18:36:38.162",NTP,"192.168.253.11:123 -> 91.189.91.157:123"
"2025-11-24 18:36:38.310",NTP,"91.189.91.157:123 -> 192.168.253.11:123"
"2025-11-24 18:36:38.757",desconhecido,"192.168.253.11:49535 -> 200.189.40.8:123"
"2025-11-24 18:36:38.817",NTP,"200.189.40.8:123 -> 192.168.253.11:49535"
"2025-11-24 18:36:38.829",desconhecido,"192.168.253.11:42185 -> 162.159.200.123:123"
"2025-11-24 18:36:38.898",NTP,"162.159.200.123:123 -> 192.168.253.11:42185"
"2025-11-24 18:36:38.930",desconhecido,"192.168.253.11:39535 -> 192.36.143.130:123"
"2025-11-24 18:36:39.061",NTP,"192.36.143.130:123 -> 192.168.253.11:39535"
"2025-11-24 18:36:39.072",desconhecido,"192.168.253.11:54293 -> 168.181.126.108:123"
"2025-11-24 18:36:39.104",NTP,"168.181.126.108:123 -> 192.168.253.11:54293"
"2025-11-24 18:36:56.156",desconhecido,"192.168.253.11:43740 -> 4.228.31.149:443"
"2025-11-24 18:36:56.180",HTTPS,"4.228.31.149:443 -> 192.168.253.11:43740"
"2025-11-24 18:36:56.226",desconhecido,"192.168.253.11:43740 -> 4.228.31.149:443"
"2025-11-24 18:36:56.279",desconhecido,"192.168.253.11:43740 -> 4.228.31.149:443"
"2025-11-24 18:36:56.320",HTTPS,"4.228.31.149:443 -> 192.168.253.11:43740"
"2025-11-24 18:36:56.362",HTTPS,"4.228.31.149:443 -> 192.168.253.11:43740"
"2025-11-24 18:36:56.391",HTTPS,"4.228.31.149:443 -> 192.168.253.11:43740"
"2025-11-24 18:36:56.422",desconhecido,"192.168.253.11:43740 -> 4.228.31.149:443"
"2025-11-24 18:36:56.457",desconhecido,"192.168.253.11:43740 -> 4.228.31.149:443"
"2025-11-24 18:36:56.495",desconhecido,"192.168.253.11:43740 -> 4.228.31.149:443"
"2025-11-24 18:36:56.538",HTTPS,"4.228.31.149:443 -> 192.168.253.11:43740"
"2025-11-24 18:36:56.575",HTTPS,"4.228.31.149:443 -> 192.168.253.11:43740"
"2025-11-24 18:36:56.608",desconhecido,"192.168.253.11:43740 -> 4.228.31.149:443"
"2025-11-24 18:36:56.640",HTTPS,"4.228.31.149:443 -> 192.168.253.11:43740"
"2025-11-24 18:36:56.674",HTTPS,"4.228.31.149:443 -> 192.168.253.11:43740"
"2025-11-24 18:36:56.710",desconhecido,"192.168.253.11:43740 -> 4.228.31.149:443"
"2025-11-24 18:36:56.749",desconhecido,"192.168.253.11:43740 -> 4.228.31.149:443"
"2025-11-24 18:36:56.789",HTTPS,"4.228.31.149:443 -> 192.168.253.11:43740"
"2025-11-24 18:36:56.829",HTTPS,"4.228.31.149:443 -> 192.168.253.11:43740"
"2025-11-24 18:36:56.870",desconhecido,"192.168.253.11:43740 -> 4.228.31.149:443"
"2025-11-24 18:36:56.912",desconhecido,"192.168.253.11:43740 -> 4.228.31.149:443"
"2025-11-24 18:36:56.953",desconhecido,"192.168.253.11:43740 -> 4.228.31.149:443"
"2025-11-24 18:36:56.992",HTTPS,"4.228.31.149:443 -> 192.168.253.11:43740"
"2025-11-24 18:36:57.031",HTTPS,"4.228.31.149:443 -> 192.168.253.11:43740"
"2025-11-24 18:37:20.161",NTP,"192.168.253.11:123 -> 143.107.229.210:123"
"2025-11-24 18:37:20.188",NTP,"143.107.229.210:123 -> 192.168.253.11:123"
"2025-11-24 18:37:24.163",NTP,"192.168.253.11:123 -> 200.160.0.8:123"
"2025-11-24 18:37:24.186",NTP,"192.168.253.11:123 -> 143.107.229.211:123"
"2025-11-24 18:37:24.238",NTP,"200.160.0.8:123 -> 192.168.253.11:123"
"2025-11-24 18:37:24.281",NTP,"143.107.229.211:123 -> 192.168.253.11:123"
"2025-11-24 18:37:26.161",NTP,"192.168.253.11:123 -> 216.238.106.159:123"
"2025-11-24 18:37:26.191",NTP,"216.238.106.159:123 -> 192.168.253.11:123"
"2025-11-24 18:37:31.161",NTP,"192.168.253.11:123 -> 200.160.7.186:123"
"2025-11-24 18:37:31.199",NTP,"192.168.253.11:123 -> 200.160.7.197:123"
"2025-11-24 18:37:31.246",NTP,"200.160.7.197:123 -> 192.168.253.11:123"
"2025-11-24 18:37:31.279",NTP,"200.160.7.186:123 -> 192.168.253.11:123"
"2025-11-24 18:37:35.162",NTP,"192.168.253.11:123 -> 168.181.126.108:123"
"2025-11-24 18:37:35.195",NTP,"168.181.126.108:123 -> 192.168.253.11:123"
"2025-11-24 18:37:43.161",NTP,"192.168.253.11:123 -> 91.189.91.157:123"
"2025-11-24 18:37:43.311",NTP,"91.189.91.157:123 -> 192.168.253.11:123"
"2025-11-24 18:37:52.572",desconhecido,"192.168.253.11:43340 -> 140.82.114.22:443"
"2025-11-24 18:37:52.726",HTTPS,"140.82.114.22:443 -> 192.168.253.11:43340"
"2025-11-24 18:37:52.743",desconhecido,"192.168.253.11:43340 -> 140.82.114.22:443"
"2025-11-24 18:37:52.775",desconhecido,"192.168.253.11:43340 -> 140.82.114.22:443"
"2025-11-24 18:37:52.882",HTTPS,"140.82.114.22:443 -> 192.168.253.11:43340"
"2025-11-24 18:37:52.905",HTTPS,"140.82.114.22:443 -> 192.168.253.11:43340"
"2025-11-24 18:37:52.956",HTTPS,"140.82.114.22:443 -> 192.168.253.11:43340"
"2025-11-24 18:37:52.999",HTTPS,"140.82.114.22:443 -> 192.168.253.11:43340"
"2025-11-24 18:37:53.042",desconhecido,"192.168.253.11:43340 -> 140.82.114.22:443"
"2025-11-24 18:37:53.089",desconhecido,"192.168.253.11:43340 -> 140.82.114.22:443"
"2025-11-24 18:37:53.130",desconhecido,"192.168.253.11:43340 -> 140.82.114.22:443"
"2025-11-24 18:37:53.174",HTTPS,"140.82.114.22:443 -> 192.168.253.11:43340"
"2025-11-24 18:37:53.217",desconhecido,"192.168.253.11:43340 -> 140.82.114.22:443"
"2025-11-24 18:37:53.254",desconhecido,"192.168.253.11:43340 -> 140.82.114.22:443"
"2025-11-24 18:37:53.285",desconhecido,"192.168.253.11:43340 -> 140.82.114.22:443"
"2025-11-24 18:37:53.302",HTTPS,"140.82.114.22:443 -> 192.168.253.11:43340"
"2025-11-24 18:37:53.328",HTTPS,"140.82.114.22:443 -> 192.168.253.11:43340"
"2025-11-24 18:37:53.364",desconhecido,"192.168.253.11:43340 -> 140.82.114.22:443"
"2025-11-24 18:37:53.402",desconhecido,"192.168.253.11:43340 -> 140.82.114.22:443"
"2025-11-24 18:37:53.444",HTTPS,"140.82.114.22:443 -> 192.168.253.11:43340"
"2025-11-24 18:37:53.492",desconhecido,"192.168.253.11:43340 -> 140.82.114.22:443"
"2025-11-24 18:38:49.192",NTP,"192.168.253.11:123 -> 91.189.91.157:123"
"2025-11-24 18:38:49.311",NTP,"91.189.91.157:123 -> 192.168.253.11:123"
"2025-11-24 18:38:53.490",desconhecido,"192.168.253.11:43340 -> 140.82.114.22:443"
"2025-11-24 18:38:53.644",HTTPS,"140.82.114.22:443 -> 192.168.253.11:43340"
"2025-11-24 18:38:56.557",desconhecido,"192.168.253.11:55836 -> 4.228.31.149:443"
"2025-11-24 18:38:56.584",HTTPS,"4.228.31.149:443 -> 192.168.253.11:55836"
"2025-11-24 18:38:56.635",desconhecido,"192.168.253.11:55836 -> 4.228.31.149:443"
"2025-11-24 18:38:56.682",desconhecido,"192.168.253.11:55836 -> 4.228.31.149:443"
"2025-11-24 18:38:56.725",HTTPS,"4.228.31.149:443 -> 192.168.253.11:55836"
"2025-11-24 18:38:56.769",HTTPS,"4.228.31.149:443 -> 192.168.253.11:55836"
"2025-11-24 18:38:56.811",HTTPS,"4.228.31.149:443 -> 192.168.253.11:55836"
"2025-11-24 18:38:56.855",desconhecido,"192.168.253.11:55836 -> 4.228.31.149:443"
"2025-11-24 18:38:56.893",desconhecido,"192.168.253.11:55836 -> 4.228.31.149:443"
"2025-11-24 18:38:56.935",desconhecido,"192.168.253.11:55836 -> 4.228.31.149:443"
"2025-11-24 18:38:56.976",HTTPS,"4.228.31.149:443 -> 192.168.253.11:55836"
"2025-11-24 18:38:57.020",HTTPS,"4.228.31.149:443 -> 192.168.253.11:55836"
"2025-11-24 18:38:57.064",desconhecido,"192.168.253.11:55836 -> 4.228.31.149:443"
"2025-11-24 18:38:57.106",HTTPS,"4.228.31.149:443 -> 192.168.253.11:55836"
"2025-11-24 18:38:57.145",HTTPS,"4.228.31.149:443 -> 192.168.253.11:55836"
"2025-11-24 18:38:57.187",HTTPS,"4.228.31.149:443 -> 192.168.253.11:55836"
"2025-11-24 18:38:57.228",desconhecido,"192.168.253.11:55836 -> 4.228.31.149:443"
"2025-11-24 18:38:57.275",desconhecido,"192.168.253.11:55836 -> 4.228.31.149:443"
"2025-11-24 18:38:57.322",desconhecido,"192.168.253.11:55836 -> 4.228.31.149:443"
"2025-11-24 18:38:57.369",HTTPS,"4.228.31.149:443 -> 192.168.253.11:55836"
"2025-11-24 18:38:57.414",HTTPS,"4.228.31.149:443 -> 192.168.253.11:55836"
"2025-11-24 18:39:35.161",NTP,"192.168.253.11:123 -> 200.160.0.8:123"
"2025-11-24 18:39:35.187",NTP,"200.160.0.8:123 -> 192.168.253.11:123"
"2025-11-24 18:39:36.161",NTP,"192.168.253.11:123 -> 143.107.229.211:123"
"2025-11-24 18:39:36.178",NTP,"192.168.253.11:123 -> 143.107.229.210:123"
"2025-11-24 18:39:36.214",NTP,"143.107.229.211:123 -> 192.168.253.11:123"
"2025-11-24 18:39:36.247",NTP,"143.107.229.210:123 -> 192.168.253.11:123"
"2025-11-24 18:39:39.161",NTP,"192.168.253.11:123 -> 216.238.106.159:123"
"2025-11-24 18:39:39.195",NTP,"216.238.106.159:123 -> 192.168.253.11:123"
"2025-11-24 18:39:41.161",NTP,"192.168.253.11:123 -> 200.160.7.197:123"
"2025-11-24 18:39:41.188",NTP,"200.160.7.197:123 -> 192.168.253.11:123"
"2025-11-24 18:39:42.161",NTP,"192.168.253.11:123 -> 200.160.7.186:123"
"2025-11-24 18:39:42.182",NTP,"200.160.7.186:123 -> 192.168.253.11:123"
"2025-11-24 18:39:43.162",NTP,"192.168.253.11:123 -> 168.181.126.108:123"
"2025-11-24 18:39:43.197",NTP,"168.181.126.108:123 -> 192.168.253.11:123"
"2025-11-24 18:39:53.161",NTP,"192.168.253.11:123 -> 91.189.91.157:123"
"2025-11-24 18:39:53.242",HTTPS,"140.82.114.22:443 -> 192.168.253.11:43340"
"2025-11-24 18:39:53.258",desconhecido,"192.168.253.11:43340 -> 140.82.114.22:443"
"2025-11-24 18:39:53.291",desconhecido,"192.168.253.11:43340 -> 140.82.114.22:443"
"2025-11-24 18:39:53.320",NTP,"91.189.91.157:123 -> 192.168.253.11:123"
"2025-11-24 18:39:53.397",HTTPS,"140.82.114.22:443 -> 192.168.253.11:43340"
"2025-11-24 18:39:53.409",HTTPS,"140.82.114.22:443 -> 192.168.253.11:43340"
"2025-11-24 18:39:53.441",desconhecido,"192.168.253.11:43340 -> 140.82.114.22:443"
"2025-11-24 18:39:53.483",desconhecido,"192.168.253.11:43340 -> 140.82.114.22:443"
"2025-11-24 18:40:40.163",NTP,"192.168.253.11:123 -> 200.160.0.8:123"
"2025-11-24 18:40:40.187",NTP,"192.168.253.11:123 -> 143.107.229.211:123"
"2025-11-24 18:40:40.230",NTP,"192.168.253.11:123 -> 143.107.229.210:123"
"2025-11-24 18:40:40.264",NTP,"200.160.0.8:123 -> 192.168.253.11:123"
"2025-11-24 18:40:40.303",NTP,"143.107.229.210:123 -> 192.168.253.11:123"
"2025-11-24 18:40:40.338",NTP,"143.107.229.211:123 -> 192.168.253.11:123"
"2025-11-24 18:40:45.161",NTP,"192.168.253.11:123 -> 200.160.7.197:123"
"2025-11-24 18:40:45.194",NTP,"192.168.253.11:123 -> 216.238.106.159:123"
"2025-11-24 18:40:45.246",NTP,"200.160.7.197:123 -> 192.168.253.11:123"
"2025-11-24 18:40:45.290",NTP,"216.238.106.159:123 -> 192.168.253.11:123"
"2025-11-24 18:40:47.161",NTP,"192.168.253.11:123 -> 168.181.126.108:123"
"2025-11-24 18:40:47.185",NTP,"192.168.253.11:123 -> 200.160.7.186:123"
"2025-11-24 18:40:47.291",NTP,"200.160.7.186:123 -> 192.168.253.11:123"
"2025-11-24 18:40:47.326",NTP,"168.181.126.108:123 -> 192.168.253.11:123"
"2025-11-24 18:40:56.951",desconhecido,"192.168.253.11:33082 -> 4.228.31.149:443"
"2025-11-24 18:40:56.975",HTTPS,"4.228.31.149:443 -> 192.168.253.11:33082"
"2025-11-24 18:40:57.018",desconhecido,"192.168.253.11:33082 -> 4.228.31.149:443"
"2025-11-24 18:40:57.046",desconhecido,"192.168.253.11:33082 -> 4.228.31.149:443"
"2025-11-24 18:40:57.076",HTTPS,"4.228.31.149:443 -> 192.168.253.11:33082"
"2025-11-24 18:40:57.107",HTTPS,"4.228.31.149:443 -> 192.168.253.11:33082"
"2025-11-24 18:40:57.143",HTTPS,"4.228.31.149:443 -> 192.168.253.11:33082"
"2025-11-24 18:40:57.176",desconhecido,"192.168.253.11:33082 -> 4.228.31.149:443"
"2025-11-24 18:40:57.207",desconhecido,"192.168.253.11:33082 -> 4.228.31.149:443"
"2025-11-24 18:40:57.235",desconhecido,"192.168.253.11:33082 -> 4.228.31.149:443"
"2025-11-24 18:40:57.265",HTTPS,"4.228.31.149:443 -> 192.168.253.11:33082"
"2025-11-24 18:40:57.295",desconhecido,"192.168.253.11:33082 -> 4.228.31.149:443"
"2025-11-24 18:40:57.331",HTTPS,"4.228.31.149:443 -> 192.168.253.11:33082"
"2025-11-24 18:40:57.359",desconhecido,"192.168.253.11:33082 -> 4.228.31.149:443"
"2025-11-24 18:40:57.393",NTP,"192.168.253.11:123 -> 91.189.91.157:123"
"2025-11-24 18:40:57.427",HTTPS,"4.228.31.149:443 -> 192.168.253.11:33082"
"2025-11-24 18:40:57.460",HTTPS,"4.228.31.149:443 -> 192.168.253.11:33082"
"2025-11-24 18:40:57.491",HTTPS,"4.228.31.149:443 -> 192.168.253.11:33082"
"2025-11-24 18:40:57.523",desconhecido,"192.168.253.11:33082 -> 4.228.31.149:443"
"2025-11-24 18:40:57.558",desconhecido,"192.168.253.11:33082 -> 4.228.31.149:443"
"2025-11-24 18:40:57.597",desconhecido,"192.168.253.11:33082 -> 4.228.31.149:443"
"2025-11-24 18:40:57.636",desconhecido,"192.168.253.11:33082 -> 4.228.31.149:443"
"2025-11-24 18:40:57.678",NTP,"91.189.91.157:123 -> 192.168.253.11:123"
"2025-11-24 18:40:57.719",HTTPS,"4.228.31.149:443 -> 192.168.253.11:33082"
"2025-11-24 18:40:57.763",HTTPS,"4.228.31.149:443 -> 192.168.253.11:33082"
"2025-11-24 18:41:44.161",NTP,"192.168.253.11:123 -> 143.107.229.210:123"
"2025-11-24 18:41:44.193",NTP,"143.107.229.210:123 -> 192.168.253.11:123"
"2025-11-24 18:41:45.162",NTP,"192.168.253.11:123 -> 200.160.0.8:123"
"2025-11-24 18:41:45.187",NTP,"200.160.0.8:123 -> 192.168.253.11:123"
"2025-11-24 18:41:47.162",NTP,"192.168.253.11:123 -> 143.107.229.211:123"
"2025-11-24 18:41:47.188",NTP,"143.107.229.211:123 -> 192.168.253.11:123"
"2025-11-24 18:41:49.162",NTP,"192.168.253.11:123 -> 200.160.7.197:123"
"2025-11-24 18:41:49.188",NTP,"200.160.7.197:123 -> 192.168.253.11:123"
"2025-11-24 18:41:51.161",NTP,"192.168.253.11:123 -> 216.238.106.159:123"
"2025-11-24 18:41:51.188",NTP,"216.238.106.159:123 -> 192.168.253.11:123"
"2025-11-24 18:41:52.161",NTP,"192.168.253.11:123 -> 200.160.7.186:123"
"2025-11-24 18:41:52.190",NTP,"200.160.7.186:123 -> 192.168.253.11:123"
"2025-11-24 18:41:54.161",NTP,"192.168.253.11:123 -> 168.181.126.108:123"
"2025-11-24 18:41:54.194",NTP,"168.181.126.108:123 -> 192.168.253.11:123"
"2025-11-24 18:42:01.161",NTP,"192.168.253.11:123 -> 91.189.91.157:123"
"2025-11-24 18:42:01.313",NTP,"91.189.91.157:123 -> 192.168.253.11:123"
"2025-11-24 18:42:49.161",NTP,"192.168.253.11:123 -> 143.107.229.210:123"
"2025-11-24 18:42:49.187",NTP,"143.107.229.210:123 -> 192.168.253.11:123"
"2025-11-24 18:42:52.162",NTP,"192.168.253.11:123 -> 200.160.0.8:123"
"2025-11-24 18:42:52.193",NTP,"200.160.0.8:123 -> 192.168.253.11:123"
"2025-11-24 18:42:52.615",desconhecido,"192.168.253.11:44560 -> 140.82.112.22:443"
"2025-11-24 18:42:52.771",HTTPS,"140.82.112.22:443 -> 192.168.253.11:44560"
"2025-11-24 18:42:52.795",desconhecido,"192.168.253.11:44560 -> 140.82.112.22:443"
"2025-11-24 18:42:52.849",desconhecido,"192.168.253.11:44560 -> 140.82.112.22:443"
"2025-11-24 18:42:52.925",HTTPS,"140.82.112.22:443 -> 192.168.253.11:44560"
"2025-11-24 18:42:52.954",HTTPS,"140.82.112.22:443 -> 192.168.253.11:44560"
"2025-11-24 18:42:52.993",HTTPS,"140.82.112.22:443 -> 192.168.253.11:44560"
"2025-11-24 18:42:53.020",HTTPS,"140.82.112.22:443 -> 192.168.253.11:44560"
"2025-11-24 18:42:53.053",desconhecido,"192.168.253.11:44560 -> 140.82.112.22:443"
"2025-11-24 18:42:53.085",desconhecido,"192.168.253.11:44560 -> 140.82.112.22:443"
"2025-11-24 18:42:53.116",desconhecido,"192.168.253.11:44560 -> 140.82.112.22:443"
"2025-11-24 18:42:53.153",HTTPS,"140.82.112.22:443 -> 192.168.253.11:44560"
"2025-11-24 18:42:53.190",desconhecido,"192.168.253.11:44560 -> 140.82.112.22:443"
"2025-11-24 18:42:53.220",desconhecido,"192.168.253.11:44560 -> 140.82.112.22:443"
"2025-11-24 18:42:53.252",desconhecido,"192.168.253.11:44560 -> 140.82.112.22:443"
"2025-11-24 18:42:53.291",HTTPS,"140.82.112.22:443 -> 192.168.253.11:44560"
"2025-11-24 18:42:53.324",HTTPS,"140.82.112.22:443 -> 192.168.253.11:44560"
"2025-11-24 18:42:53.360",HTTPS,"140.82.112.22:443 -> 192.168.253.11:44560"
"2025-11-24 18:42:53.399",desconhecido,"192.168.253.11:44560 -> 140.82.112.22:443"
"2025-11-24 18:42:53.438",desconhecido,"192.168.253.11:44560 -> 140.82.112.22:443"
"2025-11-24 18:42:53.471",NTP,"192.168.253.11:123 -> 143.107.229.211:123"
"2025-11-24 18:42:53.507",NTP,"143.107.229.211:123 -> 192.168.253.11:123"
"2025-11-24 18:42:53.543",HTTPS,"140.82.112.22:443 -> 192.168.253.11:44560"
"2025-11-24 18:42:53.582",HTTPS,"140.82.112.22:443 -> 192.168.253.11:44560"
"2025-11-24 18:42:53.626",desconhecido,"192.168.253.11:44560 -> 140.82.112.22:443"
"2025-11-24 18:42:55.161",NTP,"192.168.253.11:123 -> 200.160.7.197:123"
"2025-11-24 18:42:55.187",NTP,"200.160.7.197:123 -> 192.168.253.11:123"
